,sltw,slth,sltv,sltfp,v
0,200.0,200.0,6.0,0.0,6.1458904136862795
1,336.0,280.0,3.0,0.0,6.058494304335547
2,250.0,250.0,1.0,0.0,6.083927993077077
3,250.0,250.0,6.0,5.0,6.000379013632919
4,728.0,90.0,1.0,0.0,6.120107891621717
5,728.0,90.0,6.0,177.0,6.1564200468728245
6,336.0,280.0,6.0,5.0,6.088047587101593
7,200.0,200.0,6.0,5.0,6.050327753527257
8,300.0,250.0,1.0,5.0,6.03069241493588
9,120.0,600.0,6.0,180.0,6.181999817986432
10,300.0,250.0,6.0,4.0,6.029496509216843
11,120.0,600.0,6.0,180.0,6.0745869753530926
12,160.0,600.0,6.0,5.0,6.187273484948491
13,200.0,200.0,6.0,13.0,6.07328171501749
14,300.0,250.0,6.0,5.0,6.117348154696067
15,250.0,250.0,3.0,0.0,6.143610267902565
16,620.0,60.0,1.0,0.0,6.050213441184861
17,120.0,600.0,6.0,180.0,6.0907971463625925
18,300.0,250.0,1.0,5.0,6.106243764664005
19,200.0,200.0,1.0,4.0,6.103997719334185
20,300.0,250.0,6.0,63.0,6.046014914115301
21,250.0,250.0,1.0,5.0,6.148412947526581
22,728.0,90.0,6.0,103.0,6.102850598533079
23,620.0,60.0,3.0,0.0,6.170982197234554
24,300.0,250.0,6.0,5.0,6.171457365673716
25,250.0,250.0,6.0,5.0,6.10923529061885
26,300.0,250.0,6.0,5.0,6.055583877138622
27,728.0,90.0,6.0,4.0,6.094265277906908
28,200.0,200.0,6.0,5.0,6.16976779341412
29,336.0,280.0,6.0,5.0,6.045496258787894
30,300.0,250.0,6.0,0.0,6.142242058517015
31,250.0,250.0,6.0,16.0,6.023490753244721
32,300.0,250.0,1.0,5.0,6.140981235484731
33,728.0,90.0,1.0,5.0,6.149709001955848
34,728.0,90.0,6.0,52.0,6.05335686542414
35,728.0,90.0,1.0,5.0,6.115368412599491
36,728.0,90.0,6.0,133.0,6.079335705293279
37,160.0,600.0,6.0,5.0,6.139124417534721
38,120.0,600.0,6.0,180.0,6.155085029540329
39,336.0,280.0,6.0,180.0,6.166585919785399
40,120.0,600.0,6.0,180.0,6.117108310203545
41,620.0,60.0,3.0,0.0,6.079985537047405
42,200.0,200.0,6.0,4.0,6.110269158118704
43,300.0,250.0,6.0,5.0,6.036170717154119
44,120.0,600.0,6.0,180.0,6.0227263549555055
45,300.0,250.0,6.0,4.0,6.062657316503201
46,620.0,60.0,2.0,0.0,6.036090046423837
47,300.0,250.0,6.0,5.0,6.0575210845856935
48,120.0,600.0,6.0,180.0,6.096401248661095
49,950.0,90.0,1.0,0.0,6.035483945291522
50,300.0,250.0,1.0,0.0,6.132779959781333
51,160.0,600.0,6.0,148.0,6.160544425028456
52,728.0,90.0,1.0,0.0,6.14945914131572
53,950.0,90.0,3.0,0.0,6.055262823725553
54,728.0,90.0,6.0,177.0,6.019359432796079
55,300.0,250.0,1.0,5.0,6.006392632097735
56,120.0,600.0,6.0,180.0,6.118967976848427
57,620.0,60.0,2.0,0.0,6.162249410674134
58,200.0,200.0,2.0,0.0,6.1086154195145514
59,336.0,280.0,6.0,5.0,6.135111774367998
60,300.0,250.0,1.0,4.0,6.120575857038461
61,300.0,250.0,6.0,5.0,6.021148413218464
62,620.0,60.0,1.0,0.0,6.182840583075929
63,160.0,600.0,6.0,148.0,6.0374861745849735
64,200.0,200.0,6.0,4.0,6.098879337155429
65,620.0,60.0,3.0,0.0,6.1001528683020965
66,300.0,250.0,1.0,5.0,6.025849612072716
67,728.0,90.0,6.0,5.0,6.180993313786684
68,620.0,60.0,2.0,0.0,6.001806454052429
69,250.0,250.0,6.0,5.0,6.151947716400893
70,300.0,250.0,6.0,4.0,6.1989683576406165
71,250.0,250.0,6.0,5.0,6.190773937545245
72,120.0,600.0,6.0,180.0,6.071869552005352
73,120.0,600.0,6.0,180.0,6.123102542088665
74,728.0,90.0,6.0,188.0,6.0519510933046945
75,300.0,100.0,2.0,0.0,6.1732006096765035
76,160.0,600.0,6.0,5.0,6.168410065702028
77,250.0,250.0,6.0,63.0,6.129682924034517
78,300.0,250.0,1.0,0.0,6.088255122045864
79,336.0,280.0,2.0,0.0,6.141893125126487
80,728.0,90.0,6.0,5.0,6.0498871028433125
81,728.0,90.0,6.0,52.0,6.191087459135076
82,200.0,200.0,6.0,8.0,6.001466241182173
83,200.0,200.0,6.0,4.0,6.088274194482014
84,300.0,250.0,6.0,0.0,6.163160317720619
85,336.0,280.0,1.0,100.0,6.199239508191091
86,300.0,250.0,6.0,118.0,6.009902630712114
87,728.0,90.0,6.0,5.0,6.1274013898594495
88,728.0,90.0,1.0,5.0,6.0832002319841365
89,250.0,250.0,1.0,0.0,6.1074936309027406
90,200.0,200.0,6.0,5.0,6.016442948849987
91,728.0,90.0,6.0,5.0,6.126423839211075
92,620.0,60.0,1.0,0.0,6.151305773822583
93,728.0,90.0,6.0,5.0,6.153397687325528
94,200.0,200.0,6.0,5.0,6.133090641965591
95,300.0,100.0,2.0,0.0,6.061025767569227
96,160.0,600.0,6.0,221.0,6.168613107898275
97,250.0,250.0,1.0,5.0,6.184098404441479
98,336.0,280.0,4.0,0.0,6.050055297835694
99,250.0,250.0,3.0,0.0,6.029804892493291
100,728.0,90.0,1.0,5.0,6.1322024428334
101,250.0,250.0,1.0,0.0,6.011240570466873
102,300.0,250.0,6.0,0.0,6.045360325273863
103,728.0,90.0,6.0,4.0,6.003065038634851
104,250.0,250.0,6.0,5.0,6.1981571415096335
105,200.0,200.0,6.0,5.0,6.032328165129016
106,728.0,90.0,6.0,4.0,6.0732218075271325
107,300.0,250.0,6.0,4.0,6.133693404434312
108,728.0,90.0,6.0,5.0,6.023733316044179
109,160.0,600.0,6.0,5.0,6.0463007214775795
110,200.0,200.0,6.0,5.0,6.144920159495436
111,336.0,280.0,6.0,5.0,6.175177079095054
112,200.0,200.0,6.0,5.0,6.063073266311472
113,300.0,250.0,3.0,0.0,6.196286415508955
114,620.0,60.0,3.0,0.0,6.089206845120641
115,336.0,280.0,6.0,180.0,6.182394801623767
116,728.0,90.0,6.0,221.0,6.057004843653908
117,300.0,250.0,6.0,5.0,6.079755506429884
118,336.0,280.0,6.0,5.0,6.035581021229148
119,250.0,250.0,6.0,5.0,6.023287918321267
120,336.0,280.0,6.0,5.0,6.1370036864435615
121,620.0,60.0,1.0,0.0,6.034574570749065
122,728.0,90.0,6.0,5.0,6.039142459910715
123,250.0,250.0,6.0,5.0,6.1633742833802465
124,250.0,250.0,1.0,5.0,6.18805214234334
125,120.0,600.0,6.0,180.0,6.194825274212471
126,620.0,60.0,1.0,0.0,6.085770837893081
127,300.0,250.0,6.0,5.0,6.123188951639343
128,728.0,90.0,6.0,221.0,6.177499607418102
129,300.0,250.0,4.0,0.0,6.062423566405308
130,300.0,250.0,4.0,0.0,6.13775108421253
131,728.0,90.0,6.0,52.0,6.02993539341534
132,620.0,60.0,2.0,0.0,6.112065733785933
133,120.0,600.0,6.0,180.0,6.195479363334616
134,336.0,280.0,6.0,5.0,6.015528205569967
135,728.0,90.0,6.0,67.0,6.040427873320136
136,120.0,600.0,6.0,180.0,6.199267168136867
137,950.0,90.0,1.0,0.0,6.170623268494967
138,300.0,250.0,6.0,5.0,6.099586164374242
139,728.0,90.0,6.0,5.0,6.008702762380717
140,620.0,60.0,1.0,0.0,6.017435587409646
141,200.0,200.0,2.0,0.0,6.065648741638274
142,950.0,90.0,3.0,0.0,6.000145601886352
143,300.0,100.0,2.0,0.0,6.041097389651704
144,336.0,280.0,5.0,0.0,6.02782210694454
145,120.0,600.0,6.0,180.0,6.104000465989735
146,620.0,60.0,1.0,0.0,6.1543623188285945
147,250.0,250.0,1.0,0.0,6.066594411881593
148,620.0,60.0,1.0,0.0,6.01704801822193
149,250.0,250.0,1.0,0.0,6.004508099464721
150,728.0,90.0,6.0,5.0,6.0369904834368695
151,336.0,280.0,6.0,5.0,6.186155474949248
152,300.0,250.0,6.0,4.0,6.196255296744789
153,300.0,250.0,6.0,5.0,6.1787843222598555
154,728.0,90.0,6.0,5.0,6.145380877880499
155,300.0,250.0,4.0,0.0,6.085427615712153
156,200.0,200.0,6.0,4.0,6.175672636086409
157,120.0,600.0,6.0,180.0,6.1634131351568175
158,200.0,200.0,6.0,0.0,6.029836081674011
159,300.0,250.0,1.0,0.0,6.086417398536166
160,250.0,250.0,6.0,5.0,6.085394342117939
161,120.0,600.0,6.0,180.0,6.033780336880315
162,300.0,250.0,6.0,0.0,6.058153600361369
163,160.0,600.0,6.0,5.0,6.145317839387074
164,728.0,90.0,6.0,5.0,6.115250354220994
165,728.0,90.0,6.0,4.0,6.013794645685789
166,728.0,90.0,1.0,0.0,6.046026465770434
167,250.0,250.0,6.0,5.0,6.025799072015028
168,120.0,600.0,6.0,180.0,6.109920184117537
169,250.0,250.0,3.0,0.0,6.07807282943615
170,620.0,60.0,1.0,0.0,6.0485014660120875
171,728.0,90.0,6.0,177.0,6.159960695968332
172,180.0,150.0,6.0,5.0,6.034461439671738
173,250.0,250.0,6.0,5.0,6.095281975199506
174,120.0,600.0,6.0,180.0,6.17510923120586
175,336.0,280.0,1.0,5.0,6.020907073164387
176,300.0,250.0,6.0,148.0,6.155591555869459
177,120.0,600.0,6.0,180.0,6.092370928400851
178,200.0,200.0,6.0,4.0,6.018586300082317
179,728.0,90.0,1.0,0.0,6.018201559337388
180,250.0,250.0,6.0,5.0,6.112675143957669
181,336.0,280.0,6.0,5.0,6.096026547338733
182,728.0,90.0,1.0,5.0,6.089438482172815
183,300.0,250.0,1.0,0.0,6.191200273460013
184,336.0,280.0,1.0,200.0,6.170447586092671
185,250.0,250.0,1.0,0.0,6.066061369916281
186,620.0,60.0,2.0,0.0,6.118069195651723
187,300.0,250.0,1.0,0.0,6.18510216546399
188,120.0,600.0,6.0,180.0,6.023873781499953
189,160.0,600.0,6.0,5.0,6.194774237229231
190,728.0,90.0,6.0,5.0,6.1892089097620975
191,728.0,90.0,6.0,110.0,6.183797772714368
192,250.0,250.0,6.0,5.0,6.141668920674844
193,120.0,240.0,6.0,5.0,6.173347056302876
194,620.0,60.0,2.0,0.0,6.094227439263263
195,728.0,90.0,6.0,5.0,6.129047444041533
196,250.0,250.0,6.0,63.0,6.01889918986521
197,336.0,280.0,6.0,5.0,6.008015865896813
198,620.0,60.0,2.0,0.0,6.0969658723416345
199,234.0,60.0,6.0,5.0,6.053593137666028
200,620.0,60.0,3.0,0.0,6.123446532051409
201,300.0,250.0,6.0,8.0,6.098212028335456
202,620.0,60.0,1.0,0.0,6.107047219466584
203,336.0,280.0,6.0,4.0,6.08766248491248
204,728.0,90.0,6.0,52.0,6.001616394192583
205,620.0,60.0,2.0,0.0,6.192997853095859
206,250.0,250.0,6.0,5.0,6.129330196392328
207,200.0,200.0,6.0,4.0,6.053972735671135
208,250.0,250.0,6.0,5.0,6.111253299694089
209,728.0,90.0,1.0,5.0,6.043226225715365
210,120.0,600.0,6.0,180.0,6.151601424566603
211,200.0,200.0,6.0,13.0,6.131408110760783
212,950.0,90.0,1.0,0.0,6.0941017288203625
213,120.0,600.0,6.0,180.0,6.1809264545409395
214,640.0,90.0,5.0,0.0,6.082877582352309
215,250.0,250.0,6.0,5.0,6.026887134762706
216,250.0,250.0,6.0,5.0,6.100475840974339
217,120.0,600.0,6.0,180.0,6.085590044604083
218,160.0,600.0,6.0,5.0,6.153612125351543
219,300.0,250.0,1.0,0.0,6.143717287159218
220,250.0,250.0,6.0,5.0,6.141648424732993
221,250.0,250.0,6.0,5.0,6.160255609312882
222,620.0,60.0,3.0,0.0,6.19774864487537
223,620.0,60.0,3.0,0.0,6.140974153932859
224,200.0,200.0,6.0,5.0,6.060053748717379
225,200.0,200.0,6.0,0.0,6.126745742050763
226,160.0,600.0,6.0,221.0,6.139015816391536
227,250.0,250.0,4.0,0.0,6.039418384395693
228,250.0,250.0,6.0,63.0,6.198406198123072
229,250.0,250.0,6.0,63.0,6.022006987232813
230,120.0,600.0,6.0,180.0,6.184619016329112
231,336.0,280.0,6.0,0.0,6.192603769256198
232,728.0,90.0,6.0,5.0,6.004603418931074
233,300.0,250.0,1.0,5.0,6.06344614376907
234,120.0,600.0,6.0,180.0,6.058066977770584
235,200.0,200.0,1.0,31.0,6.022269449268773
236,620.0,60.0,2.0,0.0,6.196812803405931
237,120.0,600.0,6.0,180.0,6.122490476243956
238,200.0,200.0,6.0,8.0,6.135390671311137
239,300.0,250.0,6.0,8.0,6.021440736438321
240,336.0,280.0,1.0,0.0,6.012216251815499
241,120.0,600.0,6.0,180.0,6.056145107852707
242,250.0,250.0,6.0,5.0,6.0905316445937885
243,620.0,60.0,2.0,0.0,6.152624603695352
244,250.0,250.0,6.0,5.0,6.135446070106825
245,300.0,250.0,1.0,5.0,6.025231889790518
246,250.0,250.0,6.0,5.0,6.158651233014402
247,250.0,250.0,1.0,5.0,6.1266139169591405
248,620.0,60.0,1.0,0.0,6.196511829390826
249,200.0,200.0,2.0,0.0,6.182600136386802
250,250.0,250.0,6.0,5.0,6.022976685980917
251,300.0,250.0,6.0,15.0,6.08145555542215
252,160.0,600.0,6.0,148.0,6.048851701158706
253,200.0,200.0,6.0,16.0,6.093669647766848
254,250.0,250.0,6.0,5.0,6.095536702684629
255,200.0,200.0,1.0,4.0,6.129327184037374
256,200.0,200.0,6.0,4.0,6.067636632389613
257,728.0,90.0,1.0,5.0,6.179482508097811
258,300.0,250.0,6.0,5.0,6.021790670586626
259,250.0,250.0,6.0,5.0,6.11264773195631
260,120.0,240.0,1.0,38.0,6.15146813861903
261,300.0,250.0,1.0,0.0,6.016964550021628
262,200.0,200.0,3.0,0.0,6.154757304403057
263,200.0,200.0,6.0,5.0,6.194177744354346
264,200.0,200.0,2.0,0.0,6.026460166375605
265,200.0,200.0,6.0,4.0,6.183765420774929
266,250.0,250.0,1.0,5.0,6.063143117677687
267,728.0,90.0,6.0,52.0,6.040307400851393
268,336.0,280.0,6.0,0.0,6.00649306482166
269,300.0,250.0,6.0,74.0,6.197245654419011
270,336.0,280.0,6.0,100.0,6.112160667664054
271,336.0,280.0,6.0,0.0,6.190639338531276
272,120.0,600.0,6.0,180.0,6.036695841746035
273,250.0,250.0,6.0,5.0,6.099022055683461
274,728.0,90.0,6.0,5.0,6.145756288754586
275,120.0,600.0,6.0,180.0,6.04845413129905
276,300.0,250.0,1.0,5.0,6.088838914915225
277,336.0,280.0,1.0,125.0,6.162545924543448
278,300.0,250.0,1.0,5.0,6.0047567396098
279,250.0,250.0,1.0,5.0,6.033339035559969
280,300.0,250.0,1.0,5.0,6.010111856699947
281,300.0,250.0,5.0,0.0,6.1493521385476075
282,300.0,250.0,1.0,5.0,6.003030981608012
283,300.0,250.0,6.0,0.0,6.027415796335169
284,300.0,250.0,6.0,4.0,6.142599450396331
285,728.0,90.0,6.0,5.0,6.106804731144738
286,620.0,60.0,1.0,0.0,6.018060338503716
287,200.0,200.0,6.0,5.0,6.050884471341298
288,950.0,90.0,1.0,0.0,6.135308222161663
289,120.0,600.0,6.0,180.0,6.189071103351851
290,300.0,250.0,1.0,0.0,6.059055102248125
291,300.0,250.0,3.0,0.0,6.138136807273809
292,336.0,280.0,2.0,0.0,6.1797861074122835
293,620.0,60.0,3.0,0.0,6.112984473708984
294,250.0,250.0,6.0,5.0,6.051894608495035
295,300.0,250.0,6.0,5.0,6.171906690125267
296,200.0,200.0,2.0,0.0,6.177377122950188
297,640.0,90.0,5.0,0.0,6.040358481503689
298,620.0,60.0,3.0,0.0,6.187927151118149
299,728.0,90.0,1.0,5.0,6.082951422627987
300,728.0,90.0,6.0,5.0,6.077828798628853
301,728.0,90.0,6.0,103.0,6.112007228070424
302,300.0,250.0,6.0,5.0,6.0735847065629445
303,200.0,200.0,6.0,0.0,6.173111929354695
304,120.0,240.0,6.0,5.0,6.107371553688875
305,728.0,90.0,6.0,5.0,6.107623521897908
306,728.0,90.0,6.0,52.0,6.048378162103361
307,728.0,90.0,6.0,5.0,6.1575427672459355
308,336.0,280.0,1.0,5.0,6.149312539241162
309,250.0,250.0,1.0,0.0,6.025044755735683
310,620.0,60.0,1.0,0.0,6.130569994741945
311,728.0,90.0,6.0,133.0,6.024011905640443
312,300.0,250.0,2.0,0.0,6.02716604632375
313,250.0,250.0,6.0,5.0,6.079174382087607
314,250.0,250.0,1.0,0.0,6.034390082235692
315,620.0,60.0,3.0,0.0,6.183317762815867
316,336.0,280.0,6.0,5.0,6.045907629561576
317,250.0,250.0,1.0,0.0,6.1058214730461815
318,200.0,200.0,6.0,5.0,6.127922142476275
319,120.0,600.0,6.0,180.0,6.1418758890436695
320,200.0,200.0,6.0,4.0,6.164329821851208
321,300.0,250.0,6.0,5.0,6.076406875142739
322,950.0,90.0,3.0,0.0,6.060583701497593
323,200.0,200.0,6.0,5.0,6.17565627501984
324,728.0,90.0,6.0,133.0,6.052243297724998
325,300.0,250.0,2.0,0.0,6.040925586247756
326,250.0,250.0,6.0,63.0,6.168889875478519
327,620.0,60.0,3.0,0.0,6.047711505066445
328,300.0,250.0,6.0,150.0,6.1774312777126195
329,300.0,250.0,1.0,0.0,6.0042928467443515
330,200.0,200.0,6.0,13.0,6.114492945590979
331,300.0,250.0,6.0,50.0,6.182337079220687
332,728.0,90.0,6.0,52.0,6.1750631773611735
333,250.0,250.0,6.0,5.0,6.001610654231166
334,200.0,200.0,6.0,5.0,6.176353576531494
335,120.0,600.0,6.0,180.0,6.115976539607224
336,200.0,200.0,2.0,0.0,6.185212385793658
337,200.0,200.0,3.0,0.0,6.1362077911139705
338,728.0,90.0,6.0,5.0,6.155775837223807
339,200.0,200.0,6.0,13.0,6.0527161372902905
340,620.0,60.0,1.0,0.0,6.081969110444386
341,120.0,600.0,6.0,180.0,6.1466830007609214
342,728.0,90.0,6.0,221.0,6.090512313001637
343,200.0,200.0,1.0,5.0,6.177885910484948
344,300.0,250.0,6.0,4.0,6.071051413444604
345,728.0,90.0,6.0,52.0,6.100026958377327
346,250.0,250.0,1.0,5.0,6.014773063341681
347,728.0,90.0,1.0,191.0,6.1037352893589265
348,336.0,280.0,6.0,180.0,6.085916855338742
349,620.0,60.0,3.0,0.0,6.02523557165905
350,300.0,250.0,6.0,5.0,6.048914019971671
351,728.0,90.0,6.0,4.0,6.071352334591611
352,200.0,200.0,1.0,4.0,6.197162706743946
353,300.0,250.0,3.0,0.0,6.033130582091945
354,728.0,90.0,6.0,5.0,6.195907745767169
355,300.0,250.0,6.0,5.0,6.126737923756394
356,620.0,60.0,2.0,0.0,6.111049338796667
357,250.0,250.0,6.0,5.0,6.152157708028671
358,120.0,600.0,6.0,180.0,6.001484113132459
359,336.0,280.0,1.0,0.0,6.0115586087486115
360,120.0,600.0,6.0,180.0,6.110747733023425
361,250.0,250.0,6.0,5.0,6.15363856391872
362,200.0,200.0,6.0,4.0,6.016606068714505
363,300.0,250.0,1.0,5.0,6.049818682967092
364,300.0,250.0,6.0,77.0,6.153823513516152
365,300.0,250.0,6.0,0.0,6.159319332152785
366,200.0,200.0,3.0,0.0,6.092607749417205
367,200.0,200.0,6.0,5.0,6.033279465937349
368,300.0,250.0,6.0,5.0,6.1100736451812985
369,300.0,250.0,1.0,0.0,6.1217606472449
370,200.0,200.0,6.0,5.0,6.197461931461453
371,728.0,90.0,6.0,5.0,6.123592099242398
372,336.0,280.0,3.0,0.0,6.041240512756095
373,728.0,90.0,6.0,5.0,6.03560151495957
374,728.0,90.0,6.0,5.0,6.1198207735502885
375,200.0,200.0,6.0,0.0,6.102042400003555
376,300.0,250.0,1.0,5.0,6.083674882933888
377,120.0,600.0,6.0,180.0,6.1372382904691944
378,728.0,90.0,1.0,5.0,6.061509898366102
379,620.0,60.0,1.0,0.0,6.19117792863333
380,950.0,90.0,1.0,0.0,6.000105600124551
381,950.0,90.0,1.0,0.0,6.087766373004809
382,950.0,90.0,1.0,0.0,6.1407826174054705
383,728.0,90.0,6.0,5.0,6.180147710921549
384,250.0,250.0,1.0,5.0,6.102139937597777
385,300.0,250.0,1.0,5.0,6.19565640986481
386,728.0,90.0,6.0,5.0,6.101840010255175
387,250.0,250.0,3.0,0.0,6.174370125746057
388,200.0,200.0,6.0,13.0,6.108458815684102
389,728.0,90.0,1.0,0.0,6.052242794462033
390,120.0,600.0,6.0,180.0,6.150315404837589
391,728.0,90.0,6.0,5.0,6.0611705773708
392,300.0,250.0,6.0,157.0,6.146910190616898
393,300.0,250.0,1.0,0.0,6.054332520583441
394,300.0,250.0,1.0,5.0,6.07534887485763
395,250.0,250.0,6.0,4.0,6.191721499349825
396,160.0,600.0,6.0,4.0,6.140265287444852
397,950.0,90.0,3.0,0.0,6.03509138474489
398,728.0,90.0,1.0,0.0,6.157654632601954
399,120.0,600.0,6.0,180.0,6.069266864654907
400,180.0,150.0,1.0,5.0,6.127859040422043
401,336.0,280.0,6.0,5.0,6.124942792472912
402,200.0,200.0,6.0,5.0,6.075465910867604
403,300.0,250.0,6.0,0.0,6.113073679460415
404,300.0,250.0,6.0,5.0,6.164647099335244
405,950.0,90.0,1.0,0.0,6.00358853037389
406,250.0,250.0,4.0,0.0,6.101256472351472
407,200.0,200.0,1.0,5.0,6.142459236137082
408,250.0,250.0,6.0,5.0,6.193690222228519
409,120.0,600.0,6.0,5.0,6.106617524001357
410,160.0,600.0,6.0,221.0,6.113664184876417
411,200.0,200.0,1.0,31.0,6.142517581461192
412,728.0,90.0,6.0,5.0,6.038653722901697
413,250.0,250.0,6.0,5.0,6.129158199949306
414,250.0,250.0,6.0,5.0,6.0069637436820384
415,728.0,90.0,1.0,5.0,6.169018059857572
416,728.0,90.0,1.0,5.0,6.193501641841051
417,728.0,90.0,1.0,5.0,6.035597734081685
418,120.0,600.0,6.0,180.0,6.117735834023952
419,728.0,90.0,1.0,5.0,6.094344009993341
420,620.0,60.0,3.0,0.0,6.105031490020196
421,120.0,600.0,6.0,180.0,6.045204158935898
422,300.0,250.0,1.0,5.0,6.156058707384826
423,200.0,200.0,6.0,5.0,6.153735275303655
424,250.0,250.0,3.0,0.0,6.156120941753111
425,620.0,60.0,1.0,0.0,6.018398106562351
426,200.0,200.0,3.0,0.0,6.1316863657255
427,728.0,90.0,6.0,4.0,6.121317872202604
428,728.0,90.0,6.0,5.0,6.027227442862263
429,300.0,250.0,2.0,0.0,6.021470497121995
430,250.0,250.0,3.0,0.0,6.050625227201206
431,300.0,250.0,1.0,5.0,6.102472369626716
432,300.0,250.0,6.0,0.0,6.062659271020453
433,200.0,200.0,2.0,0.0,6.09413641691945
434,200.0,200.0,1.0,5.0,6.045606601681772
435,300.0,250.0,6.0,5.0,6.010176193969847
436,620.0,60.0,3.0,0.0,6.055193309331322
437,200.0,200.0,6.0,4.0,6.173106878929429
438,200.0,200.0,6.0,8.0,6.021317730254734
439,728.0,90.0,6.0,5.0,6.022186673767812
440,728.0,90.0,1.0,5.0,6.160529633286537
441,950.0,90.0,1.0,0.0,6.123502904124342
442,120.0,600.0,6.0,180.0,6.019969956248197
443,336.0,280.0,6.0,5.0,6.02156335168218
444,250.0,250.0,6.0,5.0,6.085828068656058
445,620.0,60.0,1.0,0.0,6.08058294720499
446,728.0,90.0,1.0,5.0,6.167579869824559
447,200.0,200.0,6.0,5.0,6.132186185383661
448,728.0,90.0,6.0,4.0,6.035595124984413
449,620.0,60.0,3.0,0.0,6.075941464012485
450,728.0,90.0,1.0,0.0,6.0170069405884306
451,300.0,250.0,1.0,5.0,6.039514832331549
452,728.0,90.0,6.0,5.0,6.108394186984665
453,200.0,200.0,6.0,4.0,6.135999963719053
454,200.0,200.0,6.0,5.0,6.072220316256956
455,728.0,90.0,6.0,5.0,6.183908175686704
456,300.0,250.0,6.0,5.0,6.073426725887597
457,160.0,600.0,6.0,148.0,6.077965470589285
458,250.0,250.0,1.0,5.0,6.1400667215995535
459,200.0,200.0,6.0,5.0,6.1637007354765565
460,300.0,250.0,1.0,0.0,6.057191820156299
461,120.0,600.0,6.0,180.0,6.081001260093206
462,200.0,200.0,6.0,16.0,6.087582249114781
463,950.0,90.0,1.0,0.0,6.0927293705225445
464,620.0,60.0,3.0,0.0,6.174207068887538
465,300.0,250.0,6.0,5.0,6.129440942758469
466,300.0,250.0,6.0,5.0,6.031806836166306
467,120.0,600.0,6.0,180.0,6.108738082473362
468,200.0,200.0,6.0,13.0,6.017153868506084
469,250.0,250.0,6.0,63.0,6.067345227017726
470,950.0,90.0,1.0,0.0,6.152128411013602
471,620.0,60.0,2.0,0.0,6.072203049033973
472,120.0,240.0,1.0,30.0,6.09777912564457
473,200.0,200.0,6.0,5.0,6.040267354603251
474,250.0,250.0,6.0,5.0,6.000959170868052
475,728.0,90.0,1.0,5.0,6.028916944793065
476,300.0,250.0,1.0,5.0,6.157431434524778
477,950.0,90.0,2.0,0.0,6.022130006323966
478,336.0,280.0,6.0,5.0,6.0481407795974
479,620.0,60.0,2.0,0.0,6.010983525341022
480,200.0,200.0,6.0,5.0,6.095375122039278
481,336.0,280.0,1.0,0.0,6.11184744366237
482,336.0,280.0,2.0,0.0,6.107899338382939
483,620.0,60.0,1.0,0.0,6.012362328877014
484,300.0,250.0,6.0,148.0,6.1479642417007465
485,300.0,250.0,1.0,0.0,6.024948043065703
486,300.0,250.0,6.0,4.0,6.155693571977915
487,200.0,200.0,6.0,4.0,6.009860582323902
488,620.0,60.0,2.0,0.0,6.166570170908756
489,200.0,200.0,2.0,0.0,6.1153205124973935
490,120.0,600.0,6.0,180.0,6.176867104733402
491,250.0,250.0,6.0,5.0,6.120909843338223
492,300.0,250.0,6.0,0.0,6.108143537662808
493,250.0,250.0,6.0,5.0,6.043085967922241
494,200.0,200.0,3.0,0.0,6.05514942129
495,200.0,200.0,6.0,4.0,6.16269149131951
496,160.0,600.0,6.0,5.0,6.064801614306103
497,250.0,250.0,6.0,64.0,6.118761052552147
498,620.0,60.0,1.0,0.0,6.169894438809266
499,336.0,280.0,6.0,0.0,6.026544719438568
500,620.0,60.0,2.0,0.0,6.163423499980343
501,160.0,600.0,2.0,0.0,6.005513441278887
502,728.0,90.0,6.0,221.0,6.112932551205175
503,336.0,280.0,6.0,90.0,6.032879782413426
504,300.0,250.0,4.0,0.0,6.122405640716322
505,620.0,60.0,2.0,0.0,6.167520868928001
506,336.0,280.0,6.0,5.0,6.004363473337098
507,728.0,90.0,6.0,221.0,6.1445021714837695
508,200.0,200.0,1.0,4.0,6.169262212496029
509,200.0,200.0,2.0,0.0,6.186450614600321
510,120.0,240.0,6.0,50.0,6.1940713687310565
511,300.0,250.0,6.0,5.0,6.145960445113353
512,300.0,250.0,1.0,5.0,6.199253336477274
513,728.0,90.0,6.0,5.0,6.028709202324491
514,120.0,600.0,6.0,180.0,6.08523388979239
515,160.0,600.0,6.0,5.0,6.082471286486566
516,300.0,250.0,6.0,5.0,6.047010252560495
517,728.0,90.0,6.0,5.0,6.0646528633855254
518,200.0,200.0,6.0,4.0,6.119400398631102
519,300.0,250.0,2.0,0.0,6.12812551503016
520,300.0,100.0,2.0,0.0,6.084485923187398
521,250.0,250.0,6.0,5.0,6.071953115152259
522,620.0,60.0,1.0,0.0,6.194294611414376
523,250.0,250.0,6.0,5.0,6.024114535791872
524,300.0,250.0,3.0,0.0,6.0150964147446375
525,250.0,250.0,6.0,5.0,6.0328511830733165
526,620.0,60.0,3.0,0.0,6.03764737557977
527,728.0,90.0,6.0,5.0,6.02618542397443
528,300.0,250.0,1.0,5.0,6.17707817060047
529,300.0,250.0,6.0,5.0,6.044930334288828
530,300.0,250.0,4.0,0.0,6.162863623378946
531,728.0,90.0,6.0,67.0,6.182685732415057
532,300.0,250.0,6.0,5.0,6.164058708055654
533,250.0,250.0,6.0,5.0,6.065037832560094
534,250.0,250.0,6.0,5.0,6.00271039674075
535,120.0,600.0,6.0,180.0,6.077115644032733
536,120.0,600.0,6.0,180.0,6.0227269141722335
537,250.0,250.0,6.0,5.0,6.009078746905954
538,200.0,200.0,3.0,0.0,6.1659375474126605
539,336.0,280.0,6.0,5.0,6.015391081359722
540,950.0,90.0,1.0,0.0,6.024301369455768
541,160.0,600.0,6.0,5.0,6.179327171731917
542,950.0,90.0,6.0,0.0,6.050333607143134
543,620.0,60.0,2.0,0.0,6.1658812198904
544,160.0,600.0,1.0,5.0,6.0034290787673665
545,250.0,250.0,6.0,5.0,6.0663617141465975
546,300.0,250.0,6.0,4.0,6.0802065222259944
547,950.0,90.0,2.0,0.0,6.09663254689068
548,300.0,250.0,6.0,5.0,6.197848421721702
549,250.0,250.0,6.0,63.0,6.050205956616829
550,728.0,90.0,6.0,5.0,6.183843794115301
551,728.0,90.0,6.0,5.0,6.16843815279963
552,728.0,90.0,6.0,67.0,6.079254357376617
553,300.0,100.0,2.0,0.0,6.049220341928607
554,300.0,250.0,1.0,5.0,6.145294953505347
555,300.0,250.0,1.0,0.0,6.1052373456389635
556,336.0,280.0,6.0,100.0,6.061016788088042
557,300.0,250.0,6.0,5.0,6.084544625246843
558,250.0,250.0,6.0,5.0,6.050947946744625
559,200.0,200.0,3.0,0.0,6.004041099130991
560,300.0,250.0,6.0,5.0,6.0499613940488075
561,728.0,90.0,6.0,5.0,6.12249185641558
562,250.0,250.0,6.0,5.0,6.192364020120671
563,250.0,250.0,1.0,0.0,6.139792547800735
564,200.0,200.0,6.0,4.0,6.134040954255599
565,620.0,60.0,3.0,0.0,6.03960851233283
566,950.0,90.0,1.0,0.0,6.023699755699905
567,160.0,600.0,6.0,5.0,6.179431555105706
568,120.0,240.0,1.0,5.0,6.102652832264519
569,250.0,250.0,6.0,5.0,6.116017367347916
570,300.0,250.0,6.0,0.0,6.157231705887207
571,250.0,250.0,6.0,5.0,6.111269988357379
572,250.0,250.0,3.0,0.0,6.05641981002509
573,200.0,200.0,6.0,4.0,6.073356827980676
574,728.0,90.0,1.0,0.0,6.052035296061825
575,120.0,600.0,6.0,5.0,6.130502441494458
576,300.0,250.0,6.0,5.0,6.186339017527884
577,728.0,90.0,6.0,221.0,6.106802677602472
578,336.0,280.0,6.0,5.0,6.150376842744219
579,300.0,250.0,6.0,5.0,6.098290735801564
580,250.0,250.0,1.0,0.0,6.073375701512121
581,300.0,250.0,1.0,0.0,6.074724770011716
582,250.0,250.0,6.0,5.0,6.164665850085255
583,950.0,90.0,1.0,0.0,6.18208250178622
584,728.0,90.0,6.0,5.0,6.141904839204014
585,620.0,60.0,2.0,0.0,6.026399592456277
586,200.0,200.0,3.0,0.0,6.0663145604091895
587,300.0,250.0,6.0,75.0,6.087522625348867
588,300.0,250.0,1.0,5.0,6.0074337220371214
589,300.0,250.0,6.0,0.0,6.0609104204800515
590,200.0,200.0,3.0,0.0,6.059842347135823
591,120.0,600.0,6.0,180.0,6.1599335429374245
592,300.0,250.0,6.0,148.0,6.11191466945605
593,728.0,90.0,6.0,5.0,6.02251795636361
594,200.0,200.0,6.0,4.0,6.151860521851189
595,950.0,90.0,2.0,0.0,6.035047494374132
596,160.0,600.0,6.0,5.0,6.033158372155761
597,300.0,250.0,5.0,0.0,6.037353300213004
598,728.0,90.0,6.0,52.0,6.001571625688452
599,300.0,250.0,6.0,148.0,6.140866087034165
600,200.0,200.0,2.0,0.0,6.109770002689784
601,336.0,280.0,2.0,0.0,6.199131136346258
602,250.0,250.0,6.0,5.0,6.057016443460156
603,300.0,250.0,2.0,0.0,6.154185193935883
604,200.0,200.0,6.0,5.0,6.189317700569726
605,620.0,60.0,1.0,0.0,6.181285784549276
606,200.0,200.0,6.0,5.0,6.053016397044382
607,300.0,250.0,1.0,5.0,6.024312012585633
608,250.0,250.0,6.0,5.0,6.0454682562755195
609,300.0,250.0,6.0,4.0,6.084033223954897
610,250.0,250.0,6.0,5.0,6.126949243943802
611,250.0,250.0,6.0,63.0,6.00741066404994
612,250.0,250.0,1.0,5.0,6.102084240897709
613,120.0,600.0,6.0,180.0,6.017586250995568
614,200.0,200.0,1.0,5.0,6.18334191944513
615,300.0,250.0,6.0,0.0,6.042099790782058
616,300.0,250.0,4.0,0.0,6.137495802067241
617,336.0,280.0,6.0,5.0,6.01390693508925
618,620.0,60.0,2.0,0.0,6.053782662404869
619,336.0,280.0,6.0,5.0,6.176650811243936
620,250.0,250.0,3.0,0.0,6.195978494429439
621,200.0,200.0,2.0,0.0,6.1053838799468965
622,300.0,250.0,1.0,5.0,6.160625272389625
623,620.0,60.0,2.0,0.0,6.185555036557223
624,200.0,200.0,3.0,0.0,6.169647586356572
625,120.0,240.0,6.0,5.0,6.1367579803235826
626,300.0,250.0,6.0,4.0,6.0721847464734875
627,728.0,90.0,6.0,4.0,6.004061638962337
628,300.0,250.0,6.0,0.0,6.159523460284209
629,250.0,250.0,6.0,63.0,6.02754367387839
630,728.0,90.0,1.0,0.0,6.1894917999994306
631,620.0,60.0,1.0,0.0,6.062317254060055
632,620.0,60.0,3.0,0.0,6.062789266881571
633,200.0,200.0,6.0,0.0,6.123941180168172
634,300.0,250.0,3.0,0.0,6.016534038806026
635,336.0,280.0,6.0,100.0,6.167714327819869
636,200.0,200.0,6.0,4.0,6.0561898646837165
637,200.0,200.0,6.0,5.0,6.101074356509223
638,120.0,600.0,6.0,180.0,6.16582934225798
639,250.0,250.0,6.0,5.0,6.114143999057878
640,250.0,250.0,6.0,5.0,6.045817425219936
641,728.0,90.0,6.0,5.0,6.136784436077102
642,300.0,250.0,6.0,62.0,6.158385393503057
643,728.0,90.0,1.0,5.0,6.004477900910772
644,336.0,280.0,6.0,5.0,6.064794666015618
645,300.0,250.0,6.0,5.0,6.140806109737261
646,120.0,600.0,6.0,180.0,6.010009627024318
647,620.0,60.0,3.0,0.0,6.1158010840737695
648,200.0,200.0,6.0,4.0,6.103099622542587
649,300.0,250.0,6.0,0.0,6.141570815143245
650,336.0,280.0,2.0,0.0,6.112269107921804
651,950.0,90.0,1.0,0.0,6.07469657213671
652,300.0,250.0,6.0,4.0,6.131215245940363
653,336.0,280.0,6.0,180.0,6.132971426452575
654,620.0,60.0,1.0,0.0,6.030570099606147
655,336.0,280.0,3.0,0.0,6.1311014786745135
656,300.0,250.0,6.0,5.0,6.156354922330613
657,250.0,250.0,1.0,0.0,6.047547772141221
658,120.0,600.0,6.0,180.0,6.093474031405013
659,120.0,600.0,6.0,180.0,6.1534539249067235
660,300.0,250.0,6.0,5.0,6.109113915953346
661,950.0,90.0,1.0,0.0,6.050980780611704
662,250.0,250.0,6.0,63.0,6.145537380940316
663,250.0,250.0,6.0,63.0,6.014417287699606
664,250.0,250.0,1.0,0.0,6.127507635151038
665,300.0,250.0,6.0,5.0,6.009654215956796
666,120.0,600.0,6.0,180.0,6.161810712527486
667,200.0,200.0,1.0,31.0,6.061597329467549
668,200.0,200.0,6.0,30.0,6.196961336388647
669,250.0,250.0,6.0,5.0,6.101894417836215
670,250.0,250.0,6.0,5.0,6.196018318164574
671,300.0,250.0,1.0,5.0,6.139337284328118
672,300.0,250.0,6.0,5.0,6.163361558401
673,120.0,600.0,6.0,180.0,6.021266462964987
674,300.0,250.0,6.0,150.0,6.197950549448792
675,120.0,240.0,6.0,5.0,6.093292127227431
676,336.0,280.0,6.0,8.0,6.013566116224971
677,728.0,90.0,6.0,5.0,6.178374928825717
678,200.0,200.0,2.0,0.0,6.179610673601637
679,120.0,240.0,6.0,5.0,6.127038827234142
680,728.0,90.0,6.0,5.0,6.108738651283755
681,120.0,600.0,6.0,180.0,6.101201947445632
682,120.0,600.0,6.0,5.0,6.020990909343075
683,620.0,60.0,2.0,0.0,6.1718063626980655
684,728.0,90.0,6.0,4.0,6.149711805275154
685,728.0,90.0,6.0,4.0,6.116214818791437
686,620.0,60.0,2.0,0.0,6.0761198702148125
687,728.0,90.0,6.0,5.0,6.18381004537621
688,728.0,90.0,6.0,221.0,6.106789458929148
689,728.0,90.0,1.0,5.0,6.175922433553998
690,250.0,250.0,1.0,0.0,6.145267255511539
691,120.0,600.0,6.0,180.0,6.130042782295314
692,728.0,90.0,6.0,5.0,6.063731293942057
693,300.0,250.0,6.0,5.0,6.039991191751754
694,300.0,250.0,1.0,5.0,6.055725501443577
695,120.0,600.0,6.0,180.0,6.114436307579753
696,336.0,280.0,2.0,0.0,6.197133930775333
697,200.0,200.0,6.0,4.0,6.063876704857617
698,250.0,250.0,2.0,0.0,6.093148023418953
699,950.0,90.0,6.0,0.0,6.054157308420021
700,200.0,200.0,6.0,0.0,6.108192441582298
701,250.0,250.0,6.0,5.0,6.1035072146712634
702,120.0,600.0,6.0,180.0,6.185046808403671
703,250.0,250.0,6.0,5.0,6.1972442640889405
704,200.0,200.0,2.0,0.0,6.120790730885867
705,336.0,280.0,6.0,5.0,6.116682051318626
706,250.0,250.0,6.0,5.0,6.144947782538328
707,120.0,600.0,6.0,180.0,6.069022054769757
708,250.0,250.0,3.0,0.0,6.045958032917343
709,300.0,250.0,6.0,5.0,6.114237126485501
710,728.0,90.0,6.0,5.0,6.060946070366884
711,300.0,250.0,4.0,0.0,6.053103514681155
712,120.0,600.0,6.0,180.0,6.039836000399689
713,300.0,250.0,4.0,0.0,6.052112167982217
714,620.0,60.0,1.0,0.0,6.131244820333451
715,620.0,60.0,3.0,0.0,6.0032052796546616
716,728.0,90.0,1.0,0.0,6.0055280353492595
717,300.0,250.0,6.0,0.0,6.125072367115663
718,200.0,200.0,6.0,30.0,6.029062958689687
719,728.0,90.0,6.0,221.0,6.117697532979256
720,250.0,250.0,6.0,5.0,6.02038609982273
721,950.0,90.0,3.0,0.0,6.1486471897365975
722,620.0,60.0,2.0,0.0,6.038693148732471
723,250.0,250.0,6.0,5.0,6.100129532102475
724,200.0,200.0,2.0,0.0,6.050858294217347
725,200.0,200.0,6.0,13.0,6.173175554524428
726,300.0,250.0,6.0,4.0,6.099156215355887
727,200.0,200.0,6.0,0.0,6.188491775018055
728,620.0,60.0,3.0,0.0,6.073058218658495
729,620.0,60.0,3.0,0.0,6.182531551924774
730,728.0,90.0,6.0,52.0,6.0285272889024295
731,250.0,250.0,3.0,0.0,6.167476461785335
732,300.0,100.0,2.0,0.0,6.006077547408247
733,120.0,600.0,6.0,180.0,6.1339623146351405
734,300.0,250.0,6.0,0.0,6.149355492672635
735,728.0,90.0,1.0,5.0,6.078886443141163
736,336.0,280.0,2.0,0.0,6.104590887330016
737,120.0,600.0,6.0,180.0,6.1433694439726265
738,250.0,250.0,3.0,0.0,6.1902876425445506
739,160.0,600.0,6.0,148.0,6.063323862105213
740,250.0,250.0,6.0,63.0,6.069287350901634
741,250.0,250.0,6.0,5.0,6.11906581122965
742,120.0,240.0,1.0,30.0,6.059276977070839
743,300.0,250.0,3.0,0.0,6.173463317581561
744,728.0,90.0,6.0,4.0,6.082593853197917
745,200.0,200.0,6.0,4.0,6.121155112698812
746,336.0,280.0,6.0,5.0,6.057754652441828
747,300.0,250.0,1.0,5.0,6.117281420040771
748,620.0,60.0,2.0,0.0,6.157032135022664
749,200.0,200.0,6.0,13.0,6.05209730223768
750,300.0,250.0,1.0,5.0,6.180711959558983
751,120.0,600.0,6.0,180.0,6.117664986807248
752,120.0,240.0,6.0,5.0,6.181240027480986
753,620.0,60.0,1.0,0.0,6.096889154884235
754,336.0,280.0,1.0,125.0,6.155839248712516
755,200.0,200.0,6.0,5.0,6.041989975116661
756,620.0,60.0,2.0,0.0,6.141031699251158
757,160.0,600.0,6.0,221.0,6.01850356113614
758,300.0,250.0,6.0,5.0,6.096357116202876
759,250.0,250.0,1.0,5.0,6.095256337746083
760,336.0,280.0,2.0,0.0,6.185731419233093
761,300.0,250.0,6.0,135.0,6.092870144633888
762,120.0,600.0,6.0,180.0,6.165968865519897
763,200.0,200.0,6.0,4.0,6.026371711479171
764,250.0,250.0,3.0,0.0,6.0144461893318795
765,336.0,280.0,6.0,0.0,6.130401999996327
766,300.0,250.0,6.0,5.0,6.055545023659041
767,336.0,280.0,6.0,5.0,6.044108292961426
768,620.0,60.0,3.0,0.0,6.076849324169696
769,200.0,200.0,6.0,5.0,6.176809123049788
770,234.0,60.0,6.0,5.0,6.0184205737128496
771,120.0,600.0,6.0,180.0,6.06823166413159
772,728.0,90.0,6.0,52.0,6.032300611746467
773,120.0,600.0,6.0,180.0,6.184934905543486
774,300.0,250.0,6.0,0.0,6.04959163068961
775,300.0,250.0,6.0,148.0,6.069578015846675
776,728.0,90.0,1.0,0.0,6.107482106249284
777,120.0,600.0,6.0,180.0,6.084572722379273
778,300.0,250.0,1.0,5.0,6.066288861197787
779,728.0,90.0,6.0,5.0,6.071679885391079
780,620.0,60.0,2.0,0.0,6.193581938631502
781,300.0,250.0,6.0,5.0,6.043255748566978
782,728.0,90.0,6.0,133.0,6.117933482578651
783,950.0,90.0,1.0,0.0,6.011579265742588
784,300.0,250.0,6.0,4.0,6.169578546987079
785,250.0,250.0,6.0,5.0,6.074094242010701
786,620.0,60.0,1.0,0.0,6.140144760700702
787,300.0,250.0,5.0,0.0,6.067635836465495
788,728.0,90.0,6.0,52.0,6.1919014433921165
789,728.0,90.0,6.0,177.0,6.026201217399052
790,300.0,250.0,6.0,4.0,6.105891244290805
791,300.0,250.0,6.0,0.0,6.080745087324237
792,200.0,200.0,6.0,13.0,6.186138445923162
793,728.0,90.0,1.0,5.0,6.061253472382279
794,200.0,200.0,6.0,4.0,6.148085287455921
795,120.0,600.0,6.0,180.0,6.103311852272489
796,180.0,150.0,1.0,5.0,6.102650515886119
797,200.0,200.0,3.0,0.0,6.0490150772236335
798,336.0,280.0,1.0,0.0,6.109267746100923
799,300.0,250.0,6.0,5.0,6.11717904905975
800,300.0,250.0,1.0,0.0,6.198483753545221
801,200.0,200.0,2.0,0.0,6.056787723809599
802,200.0,200.0,6.0,5.0,6.002951069224341
803,200.0,200.0,6.0,13.0,6.12463178165734
804,200.0,200.0,6.0,5.0,6.028901583940822
805,300.0,250.0,3.0,0.0,6.185528576431566
806,200.0,200.0,1.0,4.0,6.033866818903773
807,200.0,200.0,1.0,31.0,6.03926452085407
808,728.0,90.0,6.0,118.0,6.13233717134188
809,336.0,280.0,2.0,0.0,6.04197971963325
810,728.0,90.0,6.0,221.0,6.1220761512654365
811,300.0,250.0,6.0,67.0,6.190273306960278
812,728.0,90.0,6.0,221.0,6.120062061445041
813,120.0,600.0,6.0,180.0,6.071043057856443
814,300.0,250.0,6.0,5.0,6.178190624115088
815,336.0,280.0,6.0,23.0,6.039081124212485
816,728.0,90.0,6.0,5.0,6.032103024310187
817,300.0,250.0,6.0,4.0,6.071083195359351
818,120.0,600.0,6.0,180.0,6.007861016187304
819,620.0,60.0,2.0,0.0,6.038212763028411
820,300.0,250.0,6.0,4.0,6.121048803982578
821,160.0,600.0,6.0,5.0,6.001456633792313
822,200.0,200.0,6.0,30.0,6.156426007024144
823,336.0,280.0,6.0,5.0,6.018207751089515
824,300.0,250.0,1.0,0.0,6.095763282829947
825,728.0,90.0,6.0,4.0,6.15595249706645
826,728.0,90.0,6.0,148.0,6.050927659591994
827,336.0,280.0,6.0,90.0,6.013812000638943
828,300.0,250.0,1.0,5.0,6.164711053554707
829,300.0,250.0,1.0,5.0,6.083675787793045
830,728.0,90.0,6.0,4.0,6.018280280209136
831,120.0,600.0,6.0,180.0,6.030720673255338
832,234.0,60.0,6.0,5.0,6.0541366551092
833,950.0,90.0,1.0,0.0,6.035532845224915
834,336.0,280.0,6.0,5.0,6.163212127142667
835,160.0,600.0,6.0,5.0,6.07011110147174
836,250.0,250.0,6.0,63.0,6.081998429102525
837,200.0,200.0,6.0,0.0,6.134061197864587
838,728.0,90.0,6.0,4.0,6.031058648425922
839,300.0,250.0,6.0,103.0,6.187590020518033
840,250.0,250.0,6.0,5.0,6.029988228919893
841,200.0,200.0,6.0,0.0,6.085515954994238
842,620.0,60.0,2.0,0.0,6.129657076943596
843,336.0,280.0,2.0,0.0,6.008725686357245
844,300.0,250.0,6.0,0.0,6.158961837936931
845,300.0,250.0,6.0,5.0,6.108143862591894
846,300.0,250.0,6.0,4.0,6.073122812082791
847,200.0,200.0,3.0,0.0,6.029444593552145
848,200.0,200.0,2.0,0.0,6.018189398669814
849,250.0,250.0,3.0,0.0,6.052609678074695
850,728.0,90.0,6.0,5.0,6.1063487509217795
851,200.0,200.0,3.0,0.0,6.134218192847763
852,620.0,60.0,1.0,0.0,6.043640339345269
853,300.0,250.0,6.0,67.0,6.081939919134649
854,250.0,250.0,6.0,63.0,6.083027485124272
855,620.0,60.0,2.0,0.0,6.011025773767081
856,250.0,250.0,3.0,0.0,6.116562938793061
857,728.0,90.0,6.0,4.0,6.016043007874114
858,300.0,100.0,2.0,0.0,6.127860576338642
859,300.0,250.0,5.0,0.0,6.165605997518232
860,200.0,200.0,3.0,0.0,6.192747170576526
861,250.0,250.0,6.0,5.0,6.187901666892043
862,120.0,600.0,6.0,180.0,6.081887987165918
863,200.0,200.0,2.0,0.0,6.054900071643512
864,200.0,200.0,6.0,5.0,6.144000846381831
865,300.0,250.0,6.0,148.0,6.125128602711605
866,250.0,250.0,6.0,5.0,6.08152842618925
867,300.0,250.0,6.0,0.0,6.02440798276003
868,640.0,90.0,5.0,0.0,6.007920318443528
869,300.0,250.0,6.0,5.0,6.019903476806352
870,120.0,600.0,6.0,180.0,6.135877905409758
871,200.0,200.0,6.0,16.0,6.159074920355634
872,336.0,280.0,6.0,5.0,6.127113491821511
873,300.0,100.0,2.0,0.0,6.015659080775713
874,250.0,250.0,6.0,4.0,6.058188476352515
875,300.0,250.0,1.0,5.0,6.04353338056556
876,200.0,200.0,6.0,4.0,6.034946475578598
877,336.0,280.0,6.0,180.0,6.102192777793541
878,200.0,200.0,2.0,0.0,6.144074431098552
879,336.0,280.0,6.0,5.0,6.130063562821883
880,728.0,90.0,1.0,5.0,6.16618012097499
881,200.0,200.0,6.0,4.0,6.029383545419554
882,336.0,280.0,6.0,100.0,6.118461845823451
883,250.0,250.0,3.0,0.0,6.117482552903254
884,300.0,250.0,2.0,0.0,6.194143412511719
885,300.0,250.0,1.0,0.0,6.190198712497962
886,160.0,600.0,6.0,5.0,6.039630874727823
887,250.0,250.0,1.0,0.0,6.02765777286535
888,200.0,200.0,3.0,0.0,6.172261832410121
889,620.0,60.0,1.0,0.0,6.104723635670857
890,200.0,200.0,6.0,13.0,6.12575182258317
891,620.0,60.0,2.0,0.0,6.063909798300505
892,300.0,250.0,6.0,148.0,6.041182447067267
893,300.0,250.0,6.0,0.0,6.086759276209417
894,250.0,250.0,6.0,5.0,6.026987733204683
895,250.0,250.0,6.0,5.0,6.01705551484987
896,336.0,280.0,6.0,5.0,6.166560416313804
897,300.0,250.0,1.0,5.0,6.1870684466762995
898,950.0,90.0,1.0,0.0,6.091172043786648
899,300.0,250.0,6.0,5.0,6.117598751599918
900,336.0,280.0,2.0,0.0,6.099165809633895
901,200.0,200.0,6.0,4.0,6.193413161015746
902,200.0,200.0,6.0,5.0,6.08465203099619
903,120.0,600.0,6.0,180.0,6.056631576468783
904,728.0,90.0,6.0,4.0,6.001221333596108
905,200.0,200.0,6.0,5.0,6.190459512179873
906,728.0,90.0,6.0,38.0,6.0920134354900055
907,300.0,250.0,1.0,5.0,6.013044050524635
908,728.0,90.0,1.0,5.0,6.027396799575221
909,300.0,250.0,5.0,0.0,6.14786264991368
910,120.0,600.0,6.0,180.0,6.033887430508829
911,120.0,600.0,6.0,180.0,6.099268281437328
912,728.0,90.0,6.0,5.0,6.069975807026769
913,728.0,90.0,6.0,5.0,6.0948262935000015
914,300.0,250.0,1.0,0.0,6.184630011014717
915,120.0,600.0,6.0,180.0,6.049920910741249
916,300.0,250.0,1.0,0.0,6.139798403119325
917,250.0,250.0,1.0,0.0,6.148402697233643
918,250.0,250.0,1.0,0.0,6.082272931712766
919,728.0,90.0,6.0,52.0,6.188926051545571
920,336.0,280.0,6.0,100.0,6.159774617952037
921,200.0,200.0,6.0,5.0,6.0416163634165105
922,336.0,280.0,6.0,100.0,6.043884469855979
923,620.0,60.0,1.0,0.0,6.095421235945656
924,120.0,600.0,6.0,180.0,6.00488538889222
925,200.0,200.0,6.0,4.0,6.06181717185116
926,336.0,280.0,6.0,5.0,6.180223069507001
927,234.0,60.0,6.0,5.0,6.056693692882888
928,300.0,250.0,6.0,148.0,6.027319543374269
929,300.0,250.0,6.0,4.0,6.1845950971318455
930,250.0,250.0,6.0,63.0,6.01828352842885
931,120.0,600.0,6.0,180.0,6.059072353942035
932,120.0,600.0,6.0,180.0,6.0238616576489195
933,336.0,280.0,5.0,0.0,6.000045714710265
934,300.0,250.0,1.0,5.0,6.0993584094152995
935,200.0,200.0,6.0,4.0,6.054291185539455
936,200.0,200.0,6.0,0.0,6.0940529408252
937,250.0,250.0,3.0,0.0,6.0965613867758846
938,300.0,250.0,6.0,5.0,6.1236301493552014
939,300.0,250.0,6.0,0.0,6.075426344792184
940,336.0,280.0,2.0,0.0,6.161546510464782
941,620.0,60.0,3.0,0.0,6.077513284225691
942,300.0,100.0,2.0,0.0,6.0449052203702
943,250.0,250.0,6.0,5.0,6.049600856604726
944,250.0,250.0,6.0,5.0,6.18143437152879
945,120.0,600.0,6.0,180.0,6.146953280711192
946,120.0,600.0,6.0,5.0,6.165051196942204
947,180.0,150.0,6.0,5.0,6.156678807277843
948,950.0,90.0,3.0,0.0,6.14139899407667
949,200.0,200.0,6.0,4.0,6.126012824408018
950,200.0,200.0,6.0,5.0,6.032610746302206
951,160.0,600.0,6.0,5.0,6.01865795468657
952,250.0,250.0,1.0,0.0,6.0449445383087586
953,200.0,200.0,6.0,4.0,6.044121060398695
954,300.0,250.0,1.0,5.0,6.1082738274444734
955,336.0,280.0,6.0,5.0,6.039590925879066
956,160.0,600.0,6.0,221.0,6.170136937032171
957,620.0,60.0,1.0,0.0,6.076549764265127
958,200.0,200.0,2.0,0.0,6.159211048249869
959,250.0,250.0,6.0,5.0,6.08521462019258
960,728.0,90.0,6.0,4.0,6.088396150413243
961,950.0,90.0,3.0,0.0,6.195913511443777
962,620.0,60.0,2.0,0.0,6.154904295957064
963,300.0,250.0,6.0,0.0,6.090611607604694
964,728.0,90.0,6.0,4.0,6.036845451442923
965,728.0,90.0,6.0,62.0,6.113313926959034
966,200.0,200.0,6.0,5.0,6.168978554386991
967,728.0,90.0,6.0,148.0,6.079115891947723
968,336.0,280.0,6.0,5.0,6.008059122678968
969,250.0,250.0,6.0,5.0,6.082183418167552
970,950.0,90.0,3.0,0.0,6.008062579256164
971,120.0,600.0,6.0,5.0,6.051478116436031
972,300.0,250.0,6.0,177.0,6.128170710638584
973,620.0,60.0,3.0,0.0,6.101816737955863
974,200.0,200.0,6.0,4.0,6.184934301271453
975,250.0,250.0,6.0,63.0,6.138160586590554
976,620.0,60.0,3.0,0.0,6.096254776456396
977,250.0,250.0,6.0,5.0,6.135369491836701
978,160.0,600.0,6.0,148.0,6.059676126442991
979,200.0,200.0,6.0,30.0,6.090188592401786
980,336.0,280.0,6.0,5.0,6.079331355398529
981,728.0,90.0,6.0,5.0,6.192639647986027
982,200.0,200.0,6.0,13.0,6.1995805314111925
983,120.0,600.0,6.0,180.0,6.069099843852989
984,200.0,200.0,1.0,5.0,6.120862011372259
985,300.0,250.0,1.0,5.0,6.057102051679593
986,300.0,250.0,6.0,77.0,6.098742626463039
987,120.0,600.0,6.0,180.0,6.1617374636333295
988,300.0,250.0,3.0,0.0,6.165697991098412
989,620.0,60.0,1.0,0.0,6.1323695981725
990,300.0,250.0,3.0,0.0,6.176396816064024
991,200.0,200.0,6.0,5.0,6.1927396728513715
992,200.0,200.0,6.0,5.0,6.132130366269905
993,620.0,60.0,1.0,0.0,6.192577400918422
994,250.0,250.0,6.0,4.0,6.173420924132724
995,300.0,250.0,6.0,5.0,6.091088152535352
996,336.0,280.0,6.0,90.0,6.00616134204265
997,250.0,250.0,6.0,5.0,6.13226828448593
998,250.0,250.0,6.0,5.0,6.033818929266819
999,728.0,90.0,6.0,5.0,6.1560158831381635
1000,620.0,60.0,1.0,0.0,6.125919920215754
1001,336.0,280.0,6.0,5.0,6.129704025024455
1002,250.0,250.0,1.0,0.0,6.1395128153510505
1003,200.0,200.0,6.0,13.0,6.169035559807677
1004,620.0,60.0,3.0,0.0,6.044552838317566
1005,950.0,90.0,1.0,0.0,6.167355566625716
1006,336.0,280.0,6.0,8.0,6.12597394850902
1007,250.0,250.0,6.0,63.0,6.154751642911071
1008,250.0,250.0,6.0,5.0,6.182104230452528
1009,950.0,90.0,3.0,0.0,6.0592482790314195
1010,728.0,90.0,6.0,50.0,6.143883506639645
1011,300.0,250.0,6.0,77.0,6.008599301791936
1012,300.0,250.0,2.0,0.0,6.150057241129413
1013,728.0,90.0,1.0,5.0,6.010847594587643
1014,728.0,90.0,6.0,5.0,6.137133785247669
1015,200.0,200.0,6.0,0.0,6.096749133584687
1016,300.0,250.0,1.0,5.0,6.122270006736549
1017,300.0,250.0,6.0,148.0,6.100258607682948
1018,200.0,200.0,6.0,8.0,6.180419194790962
1019,200.0,200.0,6.0,0.0,6.12973418560687
1020,200.0,200.0,6.0,4.0,6.1583124764039505
1021,160.0,600.0,6.0,5.0,6.16886505521814
1022,300.0,250.0,1.0,5.0,6.1905123211869695
1023,200.0,200.0,6.0,4.0,6.165527385800522
1024,728.0,90.0,6.0,5.0,6.035986805905835
1025,250.0,250.0,2.0,0.0,6.189939585668632
1026,250.0,250.0,1.0,0.0,6.00583297866033
1027,120.0,600.0,6.0,180.0,6.120623012893574
1028,728.0,90.0,6.0,5.0,6.02302247964486
1029,300.0,250.0,1.0,5.0,6.149053615248877
1030,200.0,200.0,6.0,4.0,6.123772827429398
1031,200.0,200.0,3.0,0.0,6.042774597942568
1032,120.0,600.0,6.0,5.0,6.0718828992835485
1033,200.0,200.0,3.0,0.0,6.175734603000403
1034,250.0,250.0,3.0,0.0,6.090582637470931
1035,300.0,250.0,6.0,177.0,6.110973141922832
1036,250.0,250.0,6.0,5.0,6.119974294994988
1037,300.0,250.0,6.0,5.0,6.01511301612614
1038,728.0,90.0,6.0,5.0,6.139829731594917
1039,300.0,250.0,1.0,0.0,6.035724126217702
1040,728.0,90.0,6.0,118.0,6.17797761234139
1041,250.0,250.0,6.0,5.0,6.0514871758788304
1042,620.0,60.0,1.0,0.0,6.044260146821991
1043,300.0,250.0,6.0,5.0,6.143186772006937
1044,728.0,90.0,6.0,5.0,6.1040846110777975
1045,728.0,90.0,6.0,52.0,6.0223423153565445
1046,728.0,90.0,1.0,5.0,6.185668031607145
1047,160.0,600.0,6.0,5.0,6.0385585631544725
1048,250.0,250.0,3.0,0.0,6.081645084540597
1049,336.0,280.0,6.0,5.0,6.113036449679872
1050,250.0,250.0,1.0,0.0,6.004147129447034
1051,200.0,200.0,6.0,5.0,6.046165581896602
1052,200.0,200.0,6.0,4.0,6.083635380348497
1053,250.0,250.0,6.0,4.0,6.125457459952076
1054,120.0,600.0,6.0,180.0,6.128683901517558
1055,250.0,250.0,6.0,75.0,6.092603342088793
1056,200.0,200.0,2.0,0.0,6.043230507307667
1057,160.0,600.0,6.0,221.0,6.098593963111281
1058,300.0,250.0,6.0,5.0,6.048960594300054
1059,640.0,90.0,5.0,0.0,6.184841021842166
1060,336.0,280.0,6.0,5.0,6.060934504604776
1061,950.0,90.0,2.0,0.0,6.099393672506643
1062,300.0,250.0,6.0,77.0,6.091038572852739
1063,300.0,250.0,6.0,0.0,6.017748376166759
1064,728.0,90.0,6.0,221.0,6.119731485735485
1065,728.0,90.0,6.0,5.0,6.173061326183229
1066,620.0,60.0,2.0,0.0,6.019640561733085
1067,728.0,90.0,6.0,52.0,6.000922286012929
1068,250.0,250.0,6.0,5.0,6.045931656281291
1069,120.0,600.0,6.0,180.0,6.188396282345494
1070,950.0,90.0,2.0,0.0,6.04387235013878
1071,300.0,250.0,6.0,4.0,6.035159906223619
1072,200.0,200.0,6.0,4.0,6.1088047878680145
1073,336.0,280.0,6.0,5.0,6.152171040078664
1074,728.0,90.0,6.0,4.0,6.014144640780105
1075,950.0,90.0,1.0,0.0,6.0842583678547095
1076,200.0,200.0,2.0,0.0,6.188648014320433
1077,728.0,90.0,6.0,4.0,6.077836956470436
1078,160.0,600.0,6.0,148.0,6.116682733456902
1079,120.0,600.0,6.0,180.0,6.054806782354503
1080,336.0,280.0,6.0,23.0,6.001044121172684
1081,300.0,250.0,6.0,5.0,6.199747270893758
1082,200.0,200.0,6.0,4.0,6.0965871415487145
1083,250.0,250.0,4.0,0.0,6.029128156912469
1084,200.0,200.0,6.0,5.0,6.025290486310543
1085,120.0,600.0,6.0,180.0,6.189209973731578
1086,300.0,250.0,6.0,0.0,6.116572242538624
1087,120.0,600.0,6.0,180.0,6.103115929312171
1088,120.0,600.0,6.0,180.0,6.009215004011475
1089,160.0,600.0,6.0,5.0,6.0311528035818975
1090,728.0,90.0,1.0,5.0,6.083694961595937
1091,300.0,250.0,6.0,62.0,6.196999129383259
1092,300.0,100.0,2.0,0.0,6.141446935982572
1093,300.0,250.0,6.0,5.0,6.191693065451099
1094,250.0,250.0,6.0,63.0,6.089638192962893
1095,250.0,250.0,6.0,5.0,6.173020602167947
1096,300.0,250.0,4.0,0.0,6.045822013659356
1097,300.0,250.0,1.0,0.0,6.048477110578914
1098,250.0,250.0,1.0,0.0,6.0503250139234215
1099,728.0,90.0,6.0,4.0,6.012598873776071
1100,728.0,90.0,6.0,5.0,6.118673379161473
1101,250.0,250.0,6.0,5.0,6.056869503283815
1102,728.0,90.0,6.0,5.0,6.179862588343642
1103,125.0,125.0,6.0,5.0,6.083870289197157
1104,250.0,250.0,6.0,5.0,6.196383459342449
1105,300.0,250.0,6.0,5.0,6.019014435265873
1106,120.0,600.0,6.0,180.0,6.1259996655327065
1107,250.0,250.0,3.0,0.0,6.005344863511991
1108,250.0,250.0,6.0,63.0,6.0565169967662635
1109,336.0,280.0,6.0,5.0,6.191391336968013
1110,120.0,600.0,6.0,180.0,6.047029693985225
1111,336.0,280.0,6.0,5.0,6.004675394105352
1112,250.0,250.0,6.0,16.0,6.030200175058834
1113,250.0,250.0,6.0,5.0,6.002597527734211
1114,250.0,250.0,6.0,5.0,6.04180470561225
1115,728.0,90.0,1.0,5.0,6.061184363852538
1116,620.0,60.0,3.0,0.0,6.004119504481017
1117,250.0,250.0,6.0,5.0,6.070023803211007
1118,200.0,200.0,6.0,5.0,6.1420486218353725
1119,300.0,250.0,6.0,5.0,6.101506082958028
1120,160.0,600.0,6.0,5.0,6.105042942074111
1121,120.0,600.0,6.0,180.0,6.170382847481316
1122,728.0,90.0,6.0,133.0,6.156085422980785
1123,950.0,90.0,1.0,0.0,6.118777828545342
1124,120.0,600.0,6.0,180.0,6.062228300822692
1125,300.0,250.0,6.0,5.0,6.124886815710076
1126,620.0,60.0,3.0,0.0,6.081074874070973
1127,728.0,90.0,6.0,5.0,6.150525891329626
1128,200.0,200.0,6.0,5.0,6.019752667542744
1129,300.0,250.0,1.0,0.0,6.006226544653444
1130,300.0,250.0,6.0,5.0,6.079077744256984
1131,336.0,280.0,6.0,5.0,6.185616791274409
1132,250.0,250.0,6.0,63.0,6.019269817113471
1133,200.0,200.0,2.0,0.0,6.126557628400672
1134,950.0,90.0,3.0,0.0,6.0292518883429755
1135,250.0,250.0,6.0,5.0,6.172563799424164
1136,250.0,250.0,6.0,5.0,6.119971726191888
1137,200.0,200.0,6.0,5.0,6.075761077193955
1138,336.0,280.0,6.0,100.0,6.06840626235397
1139,250.0,250.0,1.0,0.0,6.083810874729539
1140,620.0,60.0,3.0,0.0,6.196609320424585
1141,950.0,90.0,3.0,0.0,6.180657601869653
1142,728.0,90.0,6.0,133.0,6.027277299021798
1143,300.0,250.0,6.0,0.0,6.150681991977015
1144,250.0,250.0,1.0,5.0,6.049743442042411
1145,120.0,600.0,6.0,180.0,6.166004419107591
1146,620.0,60.0,1.0,0.0,6.046914130329873
1147,200.0,200.0,6.0,5.0,6.023022401189096
1148,200.0,200.0,6.0,16.0,6.13227414892952
1149,120.0,240.0,1.0,30.0,6.08546413487614
1150,620.0,60.0,2.0,0.0,6.1910444112450485
1151,300.0,250.0,1.0,0.0,6.193474140673626
1152,160.0,600.0,6.0,5.0,6.104105122201849
1153,200.0,200.0,6.0,16.0,6.1519367589152605
1154,336.0,280.0,6.0,180.0,6.045582456473983
1155,336.0,280.0,6.0,5.0,6.143818476104022
1156,300.0,250.0,6.0,5.0,6.08916608900661
1157,200.0,200.0,6.0,4.0,6.073094170689243
1158,620.0,60.0,2.0,0.0,6.048322921979894
1159,728.0,90.0,6.0,5.0,6.186634313309063
1160,250.0,250.0,6.0,5.0,6.108509399325285
1161,300.0,250.0,6.0,0.0,6.041930937573324
1162,300.0,250.0,6.0,67.0,6.054095474926326
1163,250.0,250.0,6.0,63.0,6.125734304185472
1164,250.0,250.0,3.0,0.0,6.118308152477599
1165,200.0,200.0,6.0,4.0,6.07536324362183
1166,160.0,600.0,1.0,5.0,6.169830350077803
1167,336.0,280.0,6.0,5.0,6.020395799764731
1168,120.0,240.0,1.0,30.0,6.10480581338875
1169,336.0,280.0,6.0,237.0,6.085843204258408
1170,120.0,240.0,6.0,5.0,6.098772760844622
1171,250.0,250.0,6.0,5.0,6.0923686936050485
1172,728.0,90.0,6.0,5.0,6.152878353443342
1173,728.0,90.0,6.0,67.0,6.159467296909566
1174,336.0,280.0,2.0,0.0,6.175567948535053
1175,250.0,250.0,6.0,63.0,6.042474852540319
1176,336.0,280.0,6.0,4.0,6.091442027938427
1177,160.0,600.0,6.0,5.0,6.141261787152598
1178,620.0,60.0,2.0,0.0,6.070518034109717
1179,620.0,60.0,1.0,0.0,6.12133524719339
1180,728.0,90.0,6.0,67.0,6.125070466849594
1181,728.0,90.0,1.0,5.0,6.106104420408597
1182,200.0,200.0,6.0,5.0,6.09979231685591
1183,250.0,250.0,6.0,5.0,6.024999197918816
1184,728.0,90.0,6.0,52.0,6.163242966182552
1185,950.0,90.0,1.0,0.0,6.154580536345642
1186,200.0,200.0,6.0,4.0,6.1328095885938705
1187,620.0,60.0,1.0,0.0,6.171416342653954
1188,728.0,90.0,6.0,52.0,6.161472348682263
1189,250.0,250.0,3.0,0.0,6.073135512680462
1190,300.0,250.0,1.0,5.0,6.067010093154654
1191,728.0,90.0,1.0,0.0,6.085846566070707
1192,300.0,250.0,6.0,4.0,6.0303618415483085
1193,336.0,280.0,6.0,5.0,6.198645597727831
1194,250.0,250.0,3.0,0.0,6.013957649015165
1195,728.0,90.0,1.0,5.0,6.046955833448733
1196,620.0,60.0,1.0,0.0,6.094536544532055
1197,200.0,200.0,1.0,5.0,6.1530536244919825
1198,620.0,60.0,1.0,0.0,6.136793643365897
1199,728.0,90.0,6.0,133.0,6.0980881873021575
1200,120.0,600.0,6.0,180.0,6.053421027377276
1201,950.0,90.0,3.0,0.0,6.142297718327756
1202,728.0,90.0,6.0,118.0,6.161972010751864
1203,250.0,250.0,6.0,5.0,6.02413850674549
1204,728.0,90.0,1.0,5.0,6.1591142415987505
1205,336.0,280.0,6.0,5.0,6.092462266019731
1206,620.0,60.0,2.0,0.0,6.094984280045181
1207,620.0,60.0,3.0,0.0,6.032444256693186
1208,250.0,250.0,3.0,0.0,6.16680717147644
1209,200.0,200.0,1.0,0.0,6.190827594579351
1210,200.0,200.0,2.0,0.0,6.177437078410057
1211,250.0,250.0,6.0,5.0,6.190013860018804
1212,728.0,90.0,6.0,5.0,6.166425749310743
1213,300.0,250.0,1.0,5.0,6.049469855214451
1214,620.0,60.0,1.0,0.0,6.110216091275782
1215,120.0,600.0,6.0,180.0,6.153673783559741
1216,336.0,280.0,1.0,0.0,6.008937853186743
1217,200.0,200.0,6.0,5.0,6.038321262968746
1218,160.0,600.0,6.0,5.0,6.087892526397062
1219,300.0,250.0,1.0,0.0,6.069066439326897
1220,728.0,90.0,1.0,0.0,6.0149268730146845
1221,620.0,60.0,2.0,0.0,6.043757904660168
1222,728.0,90.0,6.0,5.0,6.15590700248737
1223,728.0,90.0,6.0,52.0,6.003780126146443
1224,300.0,250.0,6.0,4.0,6.054331632313405
1225,336.0,280.0,6.0,5.0,6.080284470111997
1226,620.0,60.0,2.0,0.0,6.165492896889307
1227,728.0,90.0,1.0,5.0,6.016150851399911
1228,728.0,90.0,6.0,5.0,6.162158461641538
1229,620.0,60.0,3.0,0.0,6.091440151697037
1230,200.0,200.0,6.0,4.0,6.09248101560681
1231,250.0,250.0,6.0,5.0,6.165372715676814
1232,160.0,600.0,6.0,5.0,6.099361585262621
1233,160.0,600.0,6.0,5.0,6.0167548779167035
1234,250.0,250.0,3.0,0.0,6.193539941169421
1235,336.0,280.0,6.0,5.0,6.075055488393932
1236,250.0,250.0,1.0,5.0,6.090008254910195
1237,950.0,90.0,6.0,0.0,6.048323209464747
1238,250.0,250.0,6.0,5.0,6.060731057802441
1239,336.0,280.0,6.0,5.0,6.119599544027535
1240,620.0,60.0,2.0,0.0,6.139204913610733
1241,200.0,200.0,6.0,13.0,6.191191933266686
1242,300.0,250.0,6.0,0.0,6.120372085032425
1243,120.0,600.0,6.0,180.0,6.006956210446512
1244,620.0,60.0,3.0,0.0,6.098742267895089
1245,620.0,60.0,2.0,0.0,6.19355497384844
1246,336.0,280.0,1.0,0.0,6.139912195688714
1247,200.0,200.0,1.0,31.0,6.068212405709572
1248,250.0,250.0,6.0,5.0,6.0319827069207275
1249,200.0,200.0,6.0,0.0,6.113677468842461
1250,620.0,60.0,1.0,0.0,6.044649527684466
1251,728.0,90.0,6.0,5.0,6.179923147091075
1252,200.0,200.0,6.0,4.0,6.185385136201934
1253,250.0,250.0,6.0,5.0,6.0864225140556965
1254,250.0,250.0,1.0,5.0,6.136863430242172
1255,728.0,90.0,6.0,133.0,6.131681821446812
1256,250.0,250.0,6.0,5.0,6.010276255227309
1257,250.0,250.0,1.0,5.0,6.184434801934019
1258,620.0,60.0,2.0,0.0,6.191782527949296
1259,160.0,600.0,3.0,0.0,6.037874151430868
1260,336.0,280.0,6.0,8.0,6.0927028091404765
1261,300.0,250.0,3.0,0.0,6.119578259550104
1262,300.0,250.0,1.0,5.0,6.159419558842431
1263,300.0,250.0,6.0,177.0,6.067292854938328
1264,728.0,90.0,1.0,5.0,6.0692902328143505
1265,200.0,200.0,2.0,0.0,6.025376428189468
1266,300.0,250.0,6.0,5.0,6.007903463000059
1267,250.0,250.0,3.0,0.0,6.065843608572951
1268,250.0,250.0,6.0,63.0,6.002967366696208
1269,160.0,600.0,6.0,5.0,6.018514893115324
1270,120.0,600.0,6.0,180.0,6.191081234387176
1271,336.0,280.0,6.0,5.0,6.185423076695357
1272,620.0,60.0,2.0,0.0,6.0732311839923865
1273,250.0,250.0,1.0,0.0,6.0695037771937175
1274,250.0,250.0,6.0,5.0,6.053043939491517
1275,336.0,280.0,6.0,5.0,6.1631220518172745
1276,728.0,90.0,6.0,5.0,6.091629547808082
1277,200.0,200.0,6.0,8.0,6.011558800243602
1278,200.0,200.0,6.0,5.0,6.030175422670686
1279,250.0,250.0,6.0,5.0,6.077424449289424
1280,728.0,90.0,6.0,5.0,6.171185179385394
1281,160.0,600.0,6.0,5.0,6.046577924411772
1282,728.0,90.0,1.0,5.0,6.090530301916484
1283,950.0,90.0,1.0,0.0,6.075746754339683
1284,200.0,200.0,6.0,4.0,6.000803729224759
1285,200.0,200.0,6.0,4.0,6.074680261337497
1286,300.0,250.0,3.0,0.0,6.177986522134663
1287,336.0,280.0,1.0,200.0,6.17777505520786
1288,620.0,60.0,1.0,0.0,6.075720032034731
1289,250.0,250.0,6.0,5.0,6.0559054282334515
1290,250.0,250.0,4.0,0.0,6.174982768408686
1291,336.0,280.0,1.0,125.0,6.199167871123057
1292,728.0,90.0,6.0,4.0,6.067098681953084
1293,728.0,90.0,6.0,5.0,6.033115112991704
1294,950.0,90.0,3.0,0.0,6.1188181600321245
1295,120.0,600.0,6.0,180.0,6.195204816237683
1296,300.0,250.0,1.0,0.0,6.085787825491973
1297,300.0,250.0,1.0,0.0,6.058497589465356
1298,728.0,90.0,6.0,67.0,6.168058659152099
1299,250.0,250.0,6.0,63.0,6.140320325268434
1300,728.0,90.0,6.0,5.0,6.071424835283764
1301,620.0,60.0,1.0,0.0,6.13867475422196
1302,120.0,600.0,6.0,180.0,6.087844817087412
1303,300.0,250.0,6.0,5.0,6.0128058658508845
1304,300.0,250.0,1.0,0.0,6.134407192030354
1305,728.0,90.0,1.0,5.0,6.1544378336369565
1306,728.0,90.0,6.0,133.0,6.118058797746794
1307,300.0,250.0,6.0,0.0,6.152935902195412
1308,620.0,60.0,1.0,0.0,6.01540378549033
1309,728.0,90.0,1.0,0.0,6.187710647343638
1310,300.0,250.0,1.0,0.0,6.033553121285215
1311,336.0,280.0,1.0,0.0,6.163602199622173
1312,620.0,60.0,3.0,0.0,6.160416014235242
1313,300.0,250.0,1.0,5.0,6.038127271827035
1314,200.0,200.0,6.0,13.0,6.154584581964417
1315,620.0,60.0,3.0,0.0,6.1126055861805115
1316,728.0,90.0,1.0,5.0,6.103301424007615
1317,620.0,60.0,1.0,0.0,6.1920079193095905
1318,728.0,90.0,6.0,5.0,6.085158201612846
1319,728.0,90.0,6.0,5.0,6.1022962024791925
1320,728.0,90.0,6.0,5.0,6.150240255588242
1321,728.0,90.0,6.0,5.0,6.14567544492726
1322,120.0,600.0,6.0,180.0,6.093844451735975
1323,200.0,200.0,2.0,0.0,6.069007498555277
1324,200.0,200.0,6.0,5.0,6.02581744896312
1325,300.0,250.0,3.0,0.0,6.161356682853786
1326,200.0,200.0,6.0,5.0,6.066872059563197
1327,950.0,90.0,1.0,0.0,6.0371675379199905
1328,728.0,90.0,6.0,133.0,6.03628970469974
1329,120.0,600.0,6.0,180.0,6.173888436849184
1330,300.0,250.0,6.0,77.0,6.089285469905817
1331,120.0,600.0,6.0,180.0,6.1719768011346305
1332,250.0,250.0,3.0,0.0,6.185529288442129
1333,120.0,600.0,6.0,180.0,6.141854971796599
1334,336.0,280.0,6.0,0.0,6.109907222735147
1335,728.0,90.0,1.0,0.0,6.024649006299152
1336,250.0,250.0,6.0,5.0,6.1082950814784684
1337,300.0,250.0,1.0,5.0,6.002875186650615
1338,336.0,280.0,6.0,5.0,6.147540681720975
1339,250.0,250.0,6.0,5.0,6.1479339286071815
1340,620.0,60.0,1.0,0.0,6.029254164156054
1341,728.0,90.0,6.0,192.0,6.183779796273637
1342,120.0,600.0,6.0,180.0,6.06965227417374
1343,200.0,200.0,1.0,31.0,6.036123162321212
1344,200.0,200.0,6.0,5.0,6.052033000796633
1345,950.0,90.0,1.0,0.0,6.063795625529191
1346,300.0,250.0,1.0,0.0,6.154055649921355
1347,234.0,60.0,1.0,5.0,6.141719268627695
1348,200.0,200.0,6.0,13.0,6.040058076822041
1349,200.0,200.0,2.0,0.0,6.0222068149197385
1350,200.0,200.0,1.0,0.0,6.066703790547049
1351,300.0,100.0,2.0,0.0,6.121335042722002
1352,300.0,250.0,6.0,77.0,6.015642496820523
1353,728.0,90.0,6.0,5.0,6.015659578864909
1354,620.0,60.0,2.0,0.0,6.143622833740419
1355,336.0,280.0,6.0,100.0,6.198084845072032
1356,250.0,250.0,6.0,5.0,6.02239137407143
1357,620.0,60.0,1.0,0.0,6.077117287805541
1358,300.0,250.0,6.0,5.0,6.009419855214645
1359,200.0,200.0,6.0,5.0,6.151409210255349
1360,728.0,90.0,6.0,133.0,6.162890489283985
1361,336.0,280.0,6.0,5.0,6.187733690806837
1362,250.0,250.0,1.0,5.0,6.001089524644083
1363,300.0,250.0,1.0,5.0,6.086176979918675
1364,250.0,250.0,6.0,5.0,6.133462373676662
1365,200.0,200.0,6.0,16.0,6.15254645479944
1366,200.0,200.0,6.0,5.0,6.094834397093064
1367,336.0,280.0,6.0,23.0,6.107058250320155
1368,728.0,90.0,6.0,5.0,6.198614432936738
1369,200.0,200.0,6.0,5.0,6.158772214528018
1370,250.0,250.0,6.0,63.0,6.05718692759765
1371,300.0,250.0,1.0,5.0,6.098984576903068
1372,120.0,600.0,6.0,180.0,6.010229296770441
1373,728.0,90.0,6.0,4.0,6.116263668121094
1374,250.0,250.0,1.0,0.0,6.118568108747003
1375,336.0,280.0,6.0,125.0,6.103987537307708
1376,300.0,250.0,6.0,0.0,6.052183012291201
1377,728.0,90.0,6.0,5.0,6.147329363485377
1378,250.0,250.0,6.0,63.0,6.077697978862172
1379,620.0,60.0,3.0,0.0,6.107498080837334
1380,250.0,250.0,6.0,5.0,6.127680090098898
1381,120.0,600.0,6.0,180.0,6.043438324043694
1382,336.0,280.0,6.0,8.0,6.159803566887198
1383,250.0,250.0,1.0,5.0,6.121492193354996
1384,950.0,90.0,1.0,0.0,6.05827507121135
1385,728.0,90.0,6.0,5.0,6.1979599267859955
1386,250.0,250.0,6.0,5.0,6.182209916937955
1387,120.0,600.0,6.0,180.0,6.1074388493230884
1388,728.0,90.0,6.0,5.0,6.084587584325632
1389,336.0,280.0,1.0,125.0,6.052518967537177
1390,250.0,250.0,1.0,0.0,6.18343756675004
1391,336.0,280.0,6.0,5.0,6.162614829482967
1392,200.0,200.0,6.0,16.0,6.187488882844631
1393,728.0,90.0,6.0,5.0,6.1023199990775145
1394,620.0,60.0,2.0,0.0,6.160932076669222
1395,300.0,250.0,6.0,0.0,6.098885567456111
1396,300.0,250.0,6.0,5.0,6.1973134344313685
1397,300.0,250.0,6.0,4.0,6.151050970784387
1398,728.0,90.0,6.0,5.0,6.010408216064871
1399,300.0,250.0,6.0,148.0,6.042637280711929
1400,300.0,250.0,1.0,0.0,6.0518995910312885
1401,300.0,250.0,6.0,5.0,6.080385637043712
1402,620.0,60.0,1.0,0.0,6.167595703976816
1403,728.0,90.0,6.0,52.0,6.096034728852839
1404,250.0,250.0,3.0,0.0,6.198502961254796
1405,728.0,90.0,1.0,5.0,6.168095785370235
1406,950.0,90.0,1.0,0.0,6.184368321819015
1407,250.0,250.0,6.0,63.0,6.161898577924563
1408,336.0,280.0,6.0,8.0,6.1418238947034345
1409,200.0,200.0,6.0,5.0,6.190706278337235
1410,120.0,600.0,6.0,180.0,6.108764857531226
1411,950.0,90.0,1.0,0.0,6.032578321761709
1412,120.0,600.0,6.0,180.0,6.123936557494204
1413,300.0,250.0,3.0,0.0,6.074200554042431
1414,300.0,250.0,1.0,5.0,6.1518803197314
1415,728.0,90.0,1.0,0.0,6.15922502076851
1416,728.0,90.0,6.0,4.0,6.001997920739885
1417,728.0,90.0,6.0,5.0,6.1840196740449205
1418,336.0,280.0,6.0,180.0,6.141937938477105
1419,200.0,200.0,2.0,0.0,6.06041572618497
1420,620.0,60.0,2.0,0.0,6.049578336920877
1421,620.0,60.0,1.0,0.0,6.077355138021222
1422,250.0,250.0,6.0,5.0,6.108862642180518
1423,620.0,60.0,3.0,0.0,6.198532091905895
1424,300.0,250.0,1.0,0.0,6.07760907998774
1425,336.0,280.0,6.0,5.0,6.060926962012381
1426,120.0,240.0,6.0,5.0,6.025349847059623
1427,250.0,250.0,6.0,63.0,6.187311413590465
1428,300.0,250.0,6.0,0.0,6.181466907400326
1429,336.0,280.0,6.0,5.0,6.019125765381193
1430,200.0,200.0,6.0,13.0,6.004594743390181
1431,336.0,280.0,6.0,5.0,6.170870286949027
1432,728.0,90.0,6.0,221.0,6.190339412186102
1433,300.0,250.0,1.0,0.0,6.1103967992930635
1434,300.0,250.0,6.0,6.0,6.184275721452894
1435,728.0,90.0,1.0,5.0,6.122176872749571
1436,728.0,90.0,1.0,5.0,6.086467495410406
1437,728.0,90.0,6.0,5.0,6.118282205502802
1438,728.0,90.0,6.0,5.0,6.176895148262684
1439,620.0,60.0,2.0,0.0,6.034007111118434
1440,250.0,250.0,3.0,0.0,6.044603408096076
1441,728.0,90.0,1.0,0.0,6.175747287939394
1442,160.0,600.0,6.0,5.0,6.199839656573159
1443,250.0,250.0,6.0,5.0,6.0292678811677085
1444,620.0,60.0,1.0,0.0,6.020500638537583
1445,200.0,200.0,2.0,0.0,6.009429301192543
1446,200.0,200.0,2.0,0.0,6.0015592155813815
1447,728.0,90.0,6.0,133.0,6.124618074689251
1448,200.0,200.0,6.0,5.0,6.05543083790522
1449,950.0,90.0,1.0,0.0,6.038260121751553
1450,250.0,250.0,6.0,5.0,6.123734854638883
1451,728.0,90.0,6.0,133.0,6.136471705600618
1452,250.0,250.0,6.0,63.0,6.0421970773622755
1453,620.0,60.0,2.0,0.0,6.155136226543447
1454,300.0,250.0,6.0,5.0,6.055857447271449
1455,200.0,200.0,6.0,0.0,6.071800401224071
1456,950.0,90.0,3.0,0.0,6.050689188687268
1457,300.0,250.0,6.0,5.0,6.051564390776284
1458,728.0,90.0,6.0,5.0,6.063366314639735
1459,234.0,60.0,6.0,5.0,6.031060190663424
1460,250.0,250.0,6.0,5.0,6.078300119557431
1461,250.0,250.0,6.0,5.0,6.155896322232305
1462,620.0,60.0,1.0,0.0,6.135661370117243
1463,728.0,90.0,6.0,5.0,6.0104370744379265
1464,336.0,280.0,6.0,100.0,6.129663367370293
1465,620.0,60.0,3.0,0.0,6.134644498589244
1466,728.0,90.0,1.0,5.0,6.079948776134362
1467,300.0,250.0,1.0,0.0,6.1679744692329415
1468,200.0,200.0,6.0,13.0,6.154225614404873
1469,300.0,250.0,1.0,4.0,6.042387254950242
1470,728.0,90.0,1.0,5.0,6.0549024158919975
1471,300.0,250.0,6.0,15.0,6.038739743134363
1472,200.0,200.0,6.0,5.0,6.142451559669886
1473,200.0,200.0,6.0,5.0,6.1438279821865605
1474,250.0,250.0,3.0,0.0,6.076559816701346
1475,160.0,600.0,6.0,4.0,6.181944286598801
1476,250.0,250.0,6.0,5.0,6.061044012228676
1477,250.0,250.0,6.0,63.0,6.003849294302024
1478,200.0,200.0,6.0,8.0,6.1054107644088385
1479,728.0,90.0,6.0,52.0,6.15991145168993
1480,728.0,90.0,1.0,0.0,6.166847114318332
1481,336.0,280.0,1.0,0.0,6.061260200106176
1482,300.0,250.0,2.0,0.0,6.001153715722014
1483,336.0,280.0,6.0,5.0,6.072852095235531
1484,120.0,600.0,6.0,180.0,6.046036982217676
1485,250.0,250.0,6.0,5.0,6.1868704122770914
1486,120.0,600.0,6.0,180.0,6.1991451843194465
1487,160.0,600.0,6.0,5.0,6.071074605953112
1488,728.0,90.0,6.0,5.0,6.064925630393942
1489,200.0,200.0,6.0,0.0,6.135348234299052
1490,120.0,240.0,6.0,4.0,6.005031776257546
1491,728.0,90.0,1.0,5.0,6.122046528898069
1492,200.0,200.0,6.0,13.0,6.173087522973424
1493,250.0,250.0,1.0,0.0,6.120985196547904
1494,300.0,250.0,6.0,4.0,6.183927446336978
1495,200.0,200.0,6.0,4.0,6.1645409366044515
1496,250.0,250.0,6.0,5.0,6.158534657356533
1497,300.0,250.0,6.0,0.0,6.116950690749456
1498,200.0,200.0,6.0,30.0,6.102485892360113
1499,250.0,250.0,6.0,5.0,6.068192585482608
1500,120.0,240.0,6.0,5.0,6.130926946700125
1501,620.0,60.0,3.0,0.0,6.1345349786729875
1502,336.0,280.0,3.0,0.0,6.031921329998545
1503,620.0,60.0,1.0,0.0,6.058422921902069
1504,250.0,250.0,6.0,16.0,6.1073642351953605
1505,250.0,250.0,2.0,0.0,6.160207598035093
1506,250.0,250.0,6.0,5.0,6.194410217055249
1507,728.0,90.0,6.0,221.0,6.136351517534534
1508,250.0,250.0,6.0,5.0,6.197602290329218
1509,950.0,90.0,2.0,0.0,6.114091896753756
1510,160.0,600.0,6.0,5.0,6.126060731963894
1511,620.0,60.0,3.0,0.0,6.053202145441562
1512,728.0,90.0,1.0,5.0,6.02710586744851
1513,728.0,90.0,6.0,52.0,6.15808627059645
1514,250.0,250.0,6.0,39.0,6.17846460976501
1515,336.0,280.0,2.0,0.0,6.057866037722417
1516,200.0,200.0,6.0,13.0,6.013551877107843
1517,728.0,90.0,6.0,62.0,6.194010117872057
1518,300.0,250.0,6.0,5.0,6.065313367574893
1519,300.0,100.0,2.0,0.0,6.109384271316799
1520,300.0,250.0,1.0,5.0,6.154766878707652
1521,160.0,600.0,6.0,5.0,6.067581070794851
1522,336.0,280.0,6.0,5.0,6.040175327695251
1523,120.0,600.0,6.0,180.0,6.040781414699969
1524,250.0,250.0,3.0,0.0,6.097713399627973
1525,250.0,250.0,6.0,63.0,6.012073735151828
1526,200.0,200.0,6.0,16.0,6.128571985776796
1527,120.0,600.0,6.0,180.0,6.032319524131308
1528,620.0,60.0,2.0,0.0,6.1362144346037395
1529,336.0,280.0,2.0,0.0,6.047203079748042
1530,300.0,250.0,1.0,77.0,6.1111864663375375
1531,728.0,90.0,6.0,5.0,6.044938880752147
1532,336.0,280.0,6.0,180.0,6.031352866430635
1533,300.0,250.0,6.0,4.0,6.09693796662208
1534,620.0,60.0,3.0,0.0,6.0427876183676466
1535,300.0,250.0,1.0,5.0,6.161789975402615
1536,728.0,90.0,1.0,5.0,6.1257423250528635
1537,728.0,90.0,1.0,62.0,6.189339652294636
1538,250.0,250.0,6.0,5.0,6.156689932958046
1539,300.0,250.0,6.0,0.0,6.171602589843401
1540,620.0,60.0,1.0,0.0,6.02141647364328
1541,200.0,200.0,6.0,4.0,6.067919537481185
1542,120.0,600.0,6.0,180.0,6.166780651370452
1543,300.0,250.0,1.0,5.0,6.110552404969818
1544,336.0,280.0,6.0,0.0,6.070850416113079
1545,300.0,250.0,6.0,4.0,6.1895433166048015
1546,120.0,600.0,6.0,180.0,6.191674314832017
1547,250.0,250.0,6.0,5.0,6.087896030164863
1548,300.0,250.0,1.0,0.0,6.183002310682425
1549,728.0,90.0,6.0,52.0,6.099261822498132
1550,728.0,90.0,6.0,5.0,6.178502852334868
1551,620.0,60.0,1.0,0.0,6.170871357265545
1552,160.0,600.0,6.0,5.0,6.022168401616799
1553,300.0,250.0,6.0,148.0,6.142378697931735
1554,728.0,90.0,6.0,52.0,6.1698373904318355
1555,250.0,250.0,6.0,63.0,6.155171207269709
1556,728.0,90.0,6.0,148.0,6.022259390723792
1557,300.0,250.0,1.0,0.0,6.18386217837842
1558,200.0,200.0,6.0,5.0,6.1374532209041375
1559,300.0,250.0,6.0,5.0,6.047972992310679
1560,250.0,250.0,6.0,5.0,6.157007408925678
1561,336.0,280.0,3.0,0.0,6.18383907558727
1562,120.0,600.0,6.0,180.0,6.102553247283125
1563,728.0,90.0,1.0,5.0,6.031334694207651
1564,620.0,60.0,2.0,0.0,6.070869481498903
1565,300.0,250.0,6.0,0.0,6.019607612818293
1566,620.0,60.0,2.0,0.0,6.0953711186527375
1567,250.0,250.0,6.0,5.0,6.0299745690399424
1568,950.0,90.0,2.0,0.0,6.083361067143249
1569,250.0,250.0,6.0,63.0,6.057025773291219
1570,160.0,600.0,6.0,5.0,6.061463606584308
1571,200.0,200.0,6.0,5.0,6.175230875951478
1572,300.0,250.0,1.0,5.0,6.05095502646654
1573,336.0,280.0,6.0,23.0,6.12505838333768
1574,200.0,200.0,6.0,4.0,6.173941183364064
1575,200.0,200.0,6.0,5.0,6.090876318609785
1576,200.0,200.0,6.0,4.0,6.142633227734845
1577,728.0,90.0,6.0,5.0,6.0665039719263065
1578,300.0,250.0,1.0,0.0,6.106407786511465
1579,250.0,250.0,3.0,0.0,6.144817096936389
1580,728.0,90.0,6.0,133.0,6.026811563292323
1581,300.0,250.0,1.0,5.0,6.047380776291291
1582,728.0,90.0,1.0,0.0,6.007837805969936
1583,120.0,600.0,6.0,180.0,6.074671739660666
1584,200.0,200.0,2.0,0.0,6.1202160991577665
1585,620.0,60.0,1.0,0.0,6.132979419977414
1586,300.0,250.0,6.0,4.0,6.117666269653639
1587,728.0,90.0,1.0,0.0,6.049298007588209
1588,300.0,250.0,1.0,5.0,6.149641650617082
1589,300.0,250.0,4.0,0.0,6.164365785565057
1590,640.0,90.0,5.0,0.0,6.163581836067739
1591,200.0,200.0,6.0,5.0,6.17141940786586
1592,300.0,250.0,1.0,5.0,6.136456872354709
1593,120.0,600.0,6.0,180.0,6.036878967983788
1594,950.0,90.0,6.0,0.0,6.088626994133611
1595,200.0,200.0,6.0,5.0,6.1079555227238345
1596,120.0,600.0,6.0,180.0,6.156263718166233
1597,728.0,90.0,6.0,5.0,6.0612092884856
1598,336.0,280.0,6.0,5.0,6.142170798120571
1599,300.0,250.0,6.0,0.0,6.106151796955294
1600,200.0,200.0,2.0,0.0,6.156016731206942
1601,300.0,250.0,6.0,4.0,6.069057714811248
1602,200.0,200.0,6.0,5.0,6.174125121982774
1603,300.0,250.0,1.0,5.0,6.089861224920454
1604,250.0,250.0,6.0,5.0,6.18915445467282
1605,250.0,250.0,6.0,5.0,6.194130953456128
1606,300.0,250.0,1.0,5.0,6.172818122849885
1607,200.0,200.0,6.0,13.0,6.065585395096999
1608,336.0,280.0,6.0,5.0,6.171137671415592
1609,250.0,250.0,6.0,5.0,6.182533891730337
1610,300.0,250.0,6.0,148.0,6.1707758220979825
1611,620.0,60.0,1.0,0.0,6.113222795435745
1612,728.0,90.0,6.0,52.0,6.09383720971624
1613,620.0,60.0,3.0,0.0,6.156379741410961
1614,728.0,90.0,1.0,5.0,6.165343053604012
1615,300.0,250.0,6.0,4.0,6.102168900898148
1616,250.0,250.0,6.0,5.0,6.002420804014968
1617,200.0,200.0,6.0,5.0,6.07425441367619
1618,620.0,60.0,1.0,0.0,6.029854662576721
1619,300.0,250.0,6.0,0.0,6.136830601505686
1620,300.0,250.0,6.0,0.0,6.171014292138499
1621,200.0,200.0,6.0,0.0,6.1992444612906175
1622,250.0,250.0,6.0,4.0,6.163471501880054
1623,300.0,250.0,6.0,5.0,6.197245722161228
1624,728.0,90.0,1.0,5.0,6.186793046352649
1625,160.0,600.0,6.0,140.0,6.161205680958123
1626,120.0,600.0,6.0,180.0,6.001396160730412
1627,120.0,240.0,1.0,30.0,6.170821029731581
1628,620.0,60.0,2.0,0.0,6.103964510255476
1629,250.0,250.0,6.0,5.0,6.086346611254777
1630,200.0,200.0,6.0,5.0,6.027197849997562
1631,120.0,600.0,6.0,180.0,6.1167181133168125
1632,300.0,250.0,6.0,92.0,6.165788309717532
1633,950.0,90.0,1.0,0.0,6.0726195506417255
1634,336.0,280.0,6.0,90.0,6.112539849149593
1635,120.0,600.0,6.0,180.0,6.037037238918188
1636,728.0,90.0,6.0,52.0,6.030812695439804
1637,300.0,250.0,1.0,0.0,6.010023169178086
1638,250.0,250.0,1.0,0.0,6.138299215728491
1639,620.0,60.0,3.0,0.0,6.194922604667327
1640,950.0,90.0,1.0,0.0,6.186491378708562
1641,640.0,90.0,5.0,0.0,6.110145771624128
1642,120.0,600.0,6.0,180.0,6.076936197181889
1643,620.0,60.0,1.0,0.0,6.193792010973389
1644,120.0,600.0,6.0,180.0,6.160276708811996
1645,250.0,250.0,6.0,5.0,6.164044521945575
1646,950.0,90.0,3.0,0.0,6.1682715452757675
1647,728.0,90.0,6.0,5.0,6.0204848628971
1648,300.0,250.0,2.0,0.0,6.148555634992502
1649,336.0,280.0,6.0,180.0,6.049380352106369
1650,200.0,200.0,6.0,8.0,6.107043646684885
1651,200.0,200.0,6.0,4.0,6.038984275697007
1652,728.0,90.0,6.0,5.0,6.193907178114197
1653,950.0,90.0,2.0,0.0,6.063038057992835
1654,950.0,90.0,2.0,0.0,6.086168285245196
1655,728.0,90.0,6.0,5.0,6.001558189303011
1656,250.0,250.0,3.0,0.0,6.065191424599553
1657,620.0,60.0,1.0,0.0,6.130375476000932
1658,250.0,250.0,1.0,5.0,6.152433120798068
1659,300.0,250.0,6.0,4.0,6.021904517610647
1660,620.0,60.0,2.0,0.0,6.138813582383366
1661,728.0,90.0,6.0,133.0,6.140304165048655
1662,620.0,60.0,3.0,0.0,6.108049317060142
1663,120.0,600.0,6.0,180.0,6.081138267887803
1664,250.0,250.0,3.0,0.0,6.082810469220441
1665,200.0,200.0,6.0,5.0,6.10642896911082
1666,120.0,600.0,6.0,180.0,6.075510352401481
1667,950.0,90.0,3.0,0.0,6.165386486812809
1668,300.0,250.0,4.0,0.0,6.1740163697169494
1669,300.0,250.0,1.0,0.0,6.101255067600873
1670,336.0,280.0,4.0,0.0,6.102235043264534
1671,300.0,250.0,2.0,0.0,6.199021941551334
1672,728.0,90.0,6.0,133.0,6.028871743407082
1673,620.0,60.0,2.0,0.0,6.05497109882815
1674,120.0,240.0,6.0,5.0,6.095594341633421
1675,250.0,250.0,6.0,5.0,6.040441045859871
1676,120.0,600.0,6.0,180.0,6.069245693311177
1677,200.0,200.0,2.0,0.0,6.1876668557415595
1678,300.0,250.0,1.0,5.0,6.182723471946457
1679,200.0,200.0,6.0,8.0,6.187389332031051
1680,160.0,600.0,6.0,5.0,6.093042585150806
1681,728.0,90.0,1.0,0.0,6.03498795456787
1682,336.0,280.0,2.0,0.0,6.036075629088034
1683,620.0,60.0,3.0,0.0,6.171684112741219
1684,620.0,60.0,3.0,0.0,6.138614771591294
1685,620.0,60.0,1.0,0.0,6.161944051875177
1686,336.0,280.0,6.0,5.0,6.099025487670041
1687,336.0,280.0,6.0,5.0,6.184710853805838
1688,300.0,250.0,6.0,67.0,6.018029412078232
1689,620.0,60.0,3.0,0.0,6.071529120645829
1690,250.0,250.0,6.0,5.0,6.148367968990616
1691,200.0,200.0,3.0,0.0,6.050830654147633
1692,728.0,90.0,1.0,5.0,6.16478087922324
1693,336.0,280.0,6.0,8.0,6.121197960639015
1694,728.0,90.0,6.0,50.0,6.095340374332428
1695,300.0,250.0,1.0,5.0,6.13360093998498
1696,180.0,150.0,6.0,5.0,6.002825691788071
1697,728.0,90.0,6.0,4.0,6.120152638066941
1698,300.0,250.0,6.0,4.0,6.02323278513429
1699,950.0,90.0,1.0,0.0,6.163026191641355
1700,120.0,600.0,6.0,180.0,6.066170404413768
1701,300.0,250.0,3.0,0.0,6.005606292469986
1702,620.0,60.0,2.0,0.0,6.116821952914048
1703,120.0,600.0,6.0,180.0,6.130859869566539
1704,160.0,600.0,6.0,5.0,6.059969773857461
1705,250.0,250.0,6.0,5.0,6.18479089506047
1706,300.0,250.0,6.0,5.0,6.127751232854607
1707,728.0,90.0,6.0,5.0,6.127276294478315
1708,200.0,200.0,6.0,13.0,6.017816507925955
1709,620.0,60.0,3.0,0.0,6.077752213530157
1710,620.0,60.0,2.0,0.0,6.061139969070924
1711,728.0,90.0,6.0,103.0,6.188488282015902
1712,250.0,250.0,6.0,4.0,6.170742172589013
1713,620.0,60.0,3.0,0.0,6.095156157009096
1714,250.0,250.0,6.0,5.0,6.108385343970629
1715,120.0,600.0,6.0,180.0,6.152766399719416
1716,728.0,90.0,6.0,5.0,6.039835505403406
1717,950.0,90.0,1.0,0.0,6.081426849252556
1718,336.0,280.0,1.0,100.0,6.165925926380784
1719,300.0,250.0,6.0,4.0,6.033342749930232
1720,160.0,600.0,6.0,4.0,6.120677971259807
1721,728.0,90.0,6.0,133.0,6.156226903223402
1722,728.0,90.0,6.0,5.0,6.006588926741889
1723,300.0,250.0,6.0,4.0,6.013579136436976
1724,950.0,90.0,1.0,0.0,6.09242143444782
1725,200.0,200.0,6.0,5.0,6.0207435773233025
1726,250.0,250.0,6.0,5.0,6.190523120989928
1727,160.0,600.0,6.0,4.0,6.166831087603006
1728,620.0,60.0,2.0,0.0,6.175125662391805
1729,300.0,250.0,6.0,0.0,6.126437926074921
1730,728.0,90.0,6.0,4.0,6.0894396913652
1731,728.0,90.0,1.0,62.0,6.041913974456211
1732,250.0,250.0,6.0,63.0,6.193641044115709
1733,336.0,280.0,6.0,5.0,6.067359926652978
1734,250.0,250.0,6.0,5.0,6.052421396955361
1735,728.0,90.0,6.0,5.0,6.198633320363969
1736,300.0,250.0,6.0,5.0,6.046189410263273
1737,250.0,250.0,6.0,5.0,6.048734874191862
1738,250.0,250.0,6.0,5.0,6.1351115177866555
1739,620.0,60.0,2.0,0.0,6.04055653377869
1740,620.0,60.0,2.0,0.0,6.176395307424478
1741,728.0,90.0,1.0,5.0,6.131176261536305
1742,620.0,60.0,3.0,0.0,6.010694089621459
1743,250.0,250.0,6.0,5.0,6.138180858309602
1744,160.0,600.0,6.0,5.0,6.155367310761744
1745,200.0,200.0,6.0,5.0,6.089201092345982
1746,250.0,250.0,6.0,5.0,6.032430913361954
1747,620.0,60.0,1.0,0.0,6.13488193085334
1748,620.0,60.0,2.0,0.0,6.098395405611747
1749,200.0,200.0,6.0,13.0,6.180050568169411
1750,300.0,250.0,6.0,4.0,6.023175756750939
1751,300.0,250.0,6.0,4.0,6.18367449455183
1752,728.0,90.0,6.0,5.0,6.049046792255879
1753,300.0,250.0,6.0,4.0,6.030650905653297
1754,728.0,90.0,6.0,5.0,6.186140381320983
1755,300.0,250.0,6.0,0.0,6.001957032254235
1756,300.0,250.0,6.0,4.0,6.049690781442487
1757,728.0,90.0,6.0,5.0,6.118147787103271
1758,250.0,250.0,1.0,0.0,6.185964114995622
1759,728.0,90.0,6.0,133.0,6.181431026572742
1760,620.0,60.0,1.0,0.0,6.111447815457135
1761,250.0,250.0,6.0,5.0,6.046729730342491
1762,950.0,90.0,6.0,0.0,6.074046249947415
1763,120.0,600.0,6.0,4.0,6.161294191302809
1764,300.0,250.0,1.0,5.0,6.189394738636569
1765,620.0,60.0,1.0,0.0,6.189384854114832
1766,620.0,60.0,2.0,0.0,6.053199612752165
1767,300.0,250.0,6.0,62.0,6.156763425496807
1768,300.0,250.0,1.0,5.0,6.138521907973576
1769,300.0,250.0,6.0,5.0,6.14193398710431
1770,620.0,60.0,1.0,0.0,6.086846368374541
1771,950.0,90.0,3.0,0.0,6.0670963226067745
1772,336.0,280.0,6.0,100.0,6.041370501865406
1773,120.0,600.0,6.0,180.0,6.163818190616965
1774,120.0,600.0,6.0,180.0,6.161027860340486
1775,200.0,200.0,1.0,31.0,6.0122855261246935
1776,950.0,90.0,1.0,0.0,6.182382095077961
1777,300.0,250.0,1.0,0.0,6.19598265711189
1778,250.0,250.0,6.0,5.0,6.179467241587221
1779,728.0,90.0,1.0,0.0,6.1925286397740695
1780,200.0,200.0,1.0,5.0,6.054070584508999
1781,336.0,280.0,6.0,5.0,6.1227976456471005
1782,300.0,250.0,1.0,0.0,6.0724472338085995
1783,200.0,200.0,2.0,0.0,6.028329691773335
1784,300.0,250.0,6.0,5.0,6.1691294751440635
1785,728.0,90.0,6.0,5.0,6.1159063949229475
1786,336.0,280.0,6.0,5.0,6.09244282707155
1787,620.0,60.0,1.0,0.0,6.174549550668619
1788,200.0,200.0,2.0,0.0,6.0307065074555455
1789,300.0,250.0,2.0,0.0,6.1510070787487425
1790,200.0,200.0,6.0,8.0,6.149101889061151
1791,300.0,250.0,4.0,0.0,6.0151408543752645
1792,120.0,600.0,6.0,180.0,6.109781051876873
1793,200.0,200.0,6.0,4.0,6.02219686844374
1794,250.0,250.0,6.0,5.0,6.054664287766399
1795,200.0,200.0,1.0,5.0,6.191107425848565
1796,336.0,280.0,6.0,5.0,6.046547058118291
1797,250.0,250.0,3.0,0.0,6.128490676935714
1798,300.0,250.0,6.0,4.0,6.115911085027621
1799,336.0,280.0,6.0,5.0,6.192182934840905
1800,200.0,200.0,6.0,70.0,6.079633795097003
1801,620.0,60.0,1.0,0.0,6.186415695161358
1802,200.0,200.0,2.0,0.0,6.1255147051485626
1803,120.0,600.0,6.0,180.0,6.189928677777491
1804,300.0,250.0,3.0,0.0,6.047531971789545
1805,250.0,250.0,6.0,5.0,6.184868152893426
1806,336.0,280.0,6.0,5.0,6.123195251678682
1807,300.0,250.0,6.0,4.0,6.03885768082831
1808,200.0,200.0,6.0,8.0,6.097088551286309
1809,120.0,600.0,6.0,180.0,6.037402322519332
1810,160.0,600.0,6.0,221.0,6.160331179833734
1811,336.0,280.0,2.0,0.0,6.099077832820824
1812,620.0,60.0,2.0,0.0,6.044452188504266
1813,200.0,200.0,6.0,4.0,6.037792585471563
1814,300.0,250.0,6.0,4.0,6.059301105334848
1815,120.0,600.0,6.0,180.0,6.145383377008955
1816,250.0,250.0,3.0,0.0,6.059865509077103
1817,250.0,250.0,1.0,5.0,6.130556842648065
1818,620.0,60.0,2.0,0.0,6.176147100565919
1819,200.0,200.0,6.0,5.0,6.018315758478115
1820,728.0,90.0,6.0,67.0,6.023579433672877
1821,120.0,600.0,6.0,180.0,6.173360803834463
1822,200.0,200.0,6.0,4.0,6.056238844960568
1823,250.0,250.0,6.0,63.0,6.012805679456227
1824,200.0,200.0,2.0,0.0,6.073818047183283
1825,250.0,250.0,6.0,63.0,6.135168367076119
1826,620.0,60.0,3.0,0.0,6.045185977617138
1827,120.0,600.0,6.0,180.0,6.10761235058809
1828,200.0,200.0,6.0,0.0,6.073283144000948
1829,250.0,250.0,6.0,5.0,6.1526433577949335
1830,336.0,280.0,6.0,180.0,6.151064913914983
1831,728.0,90.0,1.0,5.0,6.098538197640021
1832,728.0,90.0,6.0,52.0,6.025735312012294
1833,250.0,250.0,6.0,5.0,6.151281739519604
1834,728.0,90.0,6.0,4.0,6.0578945874763335
1835,200.0,200.0,6.0,13.0,6.167912411866629
1836,200.0,200.0,6.0,5.0,6.12989114351536
1837,160.0,600.0,1.0,5.0,6.104643414153644
1838,728.0,90.0,6.0,38.0,6.039179227145265
1839,120.0,600.0,6.0,180.0,6.050228985025297
1840,300.0,250.0,6.0,4.0,6.038503096508584
1841,728.0,90.0,6.0,62.0,6.0085120630521285
1842,300.0,250.0,6.0,4.0,6.101086163776366
1843,728.0,90.0,6.0,5.0,6.010373644506154
1844,250.0,250.0,6.0,5.0,6.046381103239072
1845,620.0,60.0,2.0,0.0,6.0370419009369165
1846,250.0,250.0,6.0,5.0,6.039617456607003
1847,160.0,600.0,6.0,5.0,6.111547736169123
1848,620.0,60.0,1.0,0.0,6.01008318119774
1849,200.0,200.0,2.0,0.0,6.055198188424891
1850,336.0,280.0,6.0,5.0,6.135238572028614
1851,160.0,600.0,1.0,5.0,6.120009124502628
1852,728.0,90.0,1.0,5.0,6.092932436623348
1853,120.0,600.0,6.0,180.0,6.051890150414712
1854,336.0,280.0,6.0,5.0,6.197340634217824
1855,950.0,90.0,2.0,0.0,6.194830941134886
1856,950.0,90.0,1.0,0.0,6.186263091013725
1857,728.0,90.0,6.0,5.0,6.170881380104843
1858,250.0,250.0,6.0,5.0,6.120144306954746
1859,120.0,600.0,6.0,180.0,6.01130488229909
1860,120.0,600.0,6.0,180.0,6.162010792372751
1861,728.0,90.0,1.0,0.0,6.067436942444901
1862,336.0,280.0,3.0,0.0,6.09786737557757
1863,620.0,60.0,3.0,0.0,6.041134342672632
1864,200.0,200.0,2.0,0.0,6.011558601962728
1865,120.0,600.0,6.0,180.0,6.048151804597267
1866,250.0,250.0,3.0,0.0,6.144832267720235
1867,200.0,200.0,6.0,13.0,6.055100553245959
1868,120.0,600.0,6.0,180.0,6.0910077762645365
1869,950.0,90.0,3.0,0.0,6.1356970087318015
1870,336.0,280.0,1.0,100.0,6.189849363399506
1871,336.0,280.0,6.0,5.0,6.140879108540333
1872,200.0,200.0,6.0,8.0,6.075130401578233
1873,620.0,60.0,1.0,0.0,6.009434557359535
1874,336.0,280.0,6.0,5.0,6.028660152719159
1875,950.0,90.0,1.0,0.0,6.140857472327029
1876,300.0,250.0,6.0,4.0,6.180419740728603
1877,620.0,60.0,1.0,0.0,6.17382012856711
1878,300.0,250.0,1.0,0.0,6.020555513126406
1879,200.0,200.0,2.0,0.0,6.198750437932117
1880,300.0,250.0,6.0,177.0,6.03632095027333
1881,336.0,280.0,5.0,0.0,6.088459808883853
1882,336.0,280.0,2.0,0.0,6.1487023452691005
1883,200.0,200.0,6.0,16.0,6.0611237417033035
1884,234.0,60.0,6.0,5.0,6.138140084599633
1885,728.0,90.0,6.0,5.0,6.0044666337304795
1886,728.0,90.0,6.0,5.0,6.1236748953371265
1887,200.0,200.0,6.0,13.0,6.116609920846478
1888,250.0,250.0,6.0,5.0,6.156911836045333
1889,120.0,600.0,6.0,180.0,6.014398024025763
1890,300.0,250.0,3.0,0.0,6.112093432697045
1891,120.0,600.0,6.0,180.0,6.154106702292496
1892,728.0,90.0,6.0,133.0,6.146836508413468
1893,300.0,250.0,1.0,4.0,6.188478653926067
1894,120.0,600.0,6.0,180.0,6.049460236432249
1895,620.0,60.0,2.0,0.0,6.004587021149537
1896,300.0,250.0,6.0,5.0,6.082517397380139
1897,620.0,60.0,1.0,0.0,6.015741782761062
1898,336.0,280.0,6.0,5.0,6.0819394682304075
1899,200.0,200.0,6.0,0.0,6.165180249582637
1900,300.0,250.0,6.0,67.0,6.027694335279401
1901,336.0,280.0,6.0,5.0,6.191199909044692
1902,336.0,280.0,6.0,5.0,6.168954318495652
1903,300.0,250.0,6.0,4.0,6.136685379030629
1904,950.0,90.0,3.0,0.0,6.182326280775492
1905,300.0,250.0,6.0,5.0,6.039116564795084
1906,300.0,250.0,1.0,5.0,6.120994732386162
1907,620.0,60.0,1.0,0.0,6.1022806763901825
1908,336.0,280.0,6.0,100.0,6.086344807326308
1909,300.0,250.0,6.0,4.0,6.193736439165713
1910,336.0,280.0,6.0,5.0,6.157096413973802
1911,300.0,250.0,6.0,5.0,6.154170474792119
1912,250.0,250.0,1.0,5.0,6.088962512245076
1913,200.0,200.0,1.0,31.0,6.066962749269204
1914,336.0,280.0,3.0,0.0,6.034455260274891
1915,300.0,250.0,6.0,5.0,6.020057971399462
1916,620.0,60.0,1.0,0.0,6.147846726828348
1917,620.0,60.0,3.0,0.0,6.077986045214012
1918,728.0,90.0,6.0,38.0,6.0035956199950435
1919,950.0,90.0,2.0,0.0,6.140010585851973
1920,250.0,250.0,6.0,5.0,6.00353270751393
1921,200.0,200.0,6.0,5.0,6.029684459116407
1922,200.0,200.0,3.0,0.0,6.079854749350125
1923,250.0,250.0,6.0,5.0,6.110306085404782
1924,250.0,250.0,1.0,0.0,6.0225908831448445
1925,300.0,250.0,6.0,5.0,6.0749798116980545
1926,250.0,250.0,4.0,0.0,6.094852393065193
1927,200.0,200.0,6.0,4.0,6.182991253775578
1928,300.0,250.0,6.0,4.0,6.0635990578413494
1929,300.0,250.0,1.0,4.0,6.083002149894801
1930,728.0,90.0,1.0,5.0,6.020689182671893
1931,336.0,280.0,6.0,5.0,6.099324051328591
1932,950.0,90.0,2.0,0.0,6.001122683616695
1933,200.0,200.0,6.0,13.0,6.054106735204621
1934,250.0,250.0,6.0,5.0,6.0884806217728995
1935,120.0,600.0,6.0,180.0,6.128647857367789
1936,120.0,600.0,6.0,180.0,6.185287598349805
1937,200.0,200.0,6.0,5.0,6.169030001087204
1938,728.0,90.0,1.0,5.0,6.184448901790025
1939,728.0,90.0,6.0,221.0,6.082072873546953
1940,620.0,60.0,1.0,0.0,6.1233142139210095
1941,300.0,250.0,6.0,5.0,6.016651571707532
1942,300.0,250.0,6.0,150.0,6.011904248610082
1943,300.0,250.0,6.0,4.0,6.143865052394132
1944,200.0,200.0,3.0,0.0,6.118267724441395
1945,620.0,60.0,1.0,0.0,6.1705197745171105
1946,200.0,200.0,1.0,31.0,6.143591032304484
1947,250.0,250.0,6.0,5.0,6.12816371554281
1948,300.0,250.0,6.0,5.0,6.018027701841064
1949,120.0,600.0,6.0,5.0,6.144702364173499
1950,200.0,200.0,6.0,5.0,6.002297364123574
1951,728.0,90.0,6.0,5.0,6.050363944028351
1952,300.0,250.0,6.0,5.0,6.036921418471093
1953,200.0,200.0,6.0,5.0,6.046145871885126
1954,728.0,90.0,6.0,5.0,6.198621590049121
1955,200.0,200.0,6.0,5.0,6.020990338888159
1956,950.0,90.0,3.0,0.0,6.102892707761958
1957,300.0,250.0,4.0,0.0,6.1681526850819415
1958,200.0,200.0,1.0,5.0,6.088749605308167
1959,300.0,250.0,6.0,0.0,6.076834109773744
1960,120.0,600.0,6.0,5.0,6.1758175798989345
1961,180.0,150.0,6.0,5.0,6.084849480488453
1962,300.0,250.0,6.0,5.0,6.164477474752629
1963,160.0,600.0,6.0,148.0,6.08774255082617
1964,250.0,250.0,3.0,0.0,6.131420268844121
1965,950.0,90.0,3.0,0.0,6.069848116368775
1966,200.0,200.0,6.0,13.0,6.181620847391776
1967,300.0,250.0,6.0,4.0,6.110001446396484
1968,728.0,90.0,1.0,5.0,6.070516719137033
1969,300.0,250.0,6.0,5.0,6.155790947995987
1970,250.0,250.0,6.0,5.0,6.12102651960026
1971,728.0,90.0,6.0,133.0,6.050723935965671
1972,728.0,90.0,6.0,52.0,6.040656254831788
1973,200.0,200.0,6.0,4.0,6.127905474129596
1974,728.0,90.0,6.0,133.0,6.071847389041677
1975,250.0,250.0,6.0,5.0,6.193061904168278
1976,250.0,250.0,6.0,63.0,6.153254926878441
1977,250.0,250.0,6.0,63.0,6.113086551719121
1978,728.0,90.0,6.0,5.0,6.089724359661533
1979,728.0,90.0,6.0,5.0,6.181590844006407
1980,200.0,200.0,6.0,4.0,6.089539907302332
1981,336.0,280.0,1.0,0.0,6.195609635775871
1982,250.0,250.0,3.0,0.0,6.156364275389304
1983,620.0,60.0,2.0,0.0,6.162808777055234
1984,200.0,200.0,6.0,0.0,6.131196810035551
1985,300.0,250.0,6.0,4.0,6.097246321087412
1986,336.0,280.0,3.0,0.0,6.194836367384482
1987,620.0,60.0,3.0,0.0,6.050194644744326
1988,250.0,250.0,6.0,63.0,6.188004091630835
1989,250.0,250.0,6.0,75.0,6.034132354790436
1990,250.0,250.0,6.0,5.0,6.00252132990542
1991,300.0,250.0,6.0,177.0,6.027908079809744
1992,300.0,250.0,6.0,5.0,6.045416571409933
1993,120.0,600.0,6.0,180.0,6.10637516470802
1994,336.0,280.0,6.0,8.0,6.126696326678724
1995,620.0,60.0,1.0,0.0,6.063813167142351
1996,620.0,60.0,1.0,0.0,6.128629418189645
1997,200.0,200.0,6.0,5.0,6.127285474582446
1998,728.0,90.0,6.0,5.0,6.121406686343634
1999,300.0,250.0,6.0,5.0,6.024689671819508
